article_id,title,blurb,url,thumbnail_url,section,sub_category,tags,published_at,estimated_read_time_mins,is_breaking,word_count
9a4f68f6-4d81-4aa1-830b-8f8b217fa27b,What is Curran's ultra-slow 'moon ball' leaving batters in a spin?,BBC Sport's Ask Me Anything team explains what is a 'moon ball' and how England's Sam Curran mastered the delivery in the first ODI against Sri Lanka.,https://www.bbc.com/sport/cricket/articles/c0q44le0z5wo?at_medium=RSS&at_campaign=rss,https://ichef.bbci.co.uk/ace/standard/240/cpsprodpb/10fc/live/c4973200-f79b-11f0-b5f7-49f0357294ff.jpg,Sport,Cricket,"[""cricket"", ""sport"", ""ashes"", ""test match""]",2026-04-09T10:50:57,2,False,344
5c8a1fdf-dac7-4de9-9281-9a4ba5d7c9f6,Hantavirus survivor says sickness was like 'hell on earth',Two survivors who caught the hantavirus years earlier told the BBC they both felt lucky to be alive.,https://www.bbc.com/news/articles/cy72xmk1114o?at_medium=RSS&at_campaign=rss,https://ichef.bbci.co.uk/ace/standard/240/cpsprodpb/9e38/live/2dd6cba0-4a1b-11f1-a7ce-b934bcb15ff4.jpg,News,Health,"[""health"", ""NHS"", ""medicine"", ""wellbeing""]",2026-04-10T14:36:02,2,False,946
f35ba674-8db1-4249-b3c3-c35ce50bd1d2,Record 1.3m apply for 2027 London marathon ballot,More than 1.3 million people have applied for next year's event which takes place on 25 April.,https://www.bbc.com/sport/athletics/articles/cd6p081y698o?at_medium=RSS&at_campaign=rss,https://ichef.bbci.co.uk/ace/standard/240/cpsprodpb/ca41/live/1343f620-4884-11f1-bd52-e755d604ece4.jpg,Sport,Athletics,"[""athletics"", ""sport"", ""running"", ""olympics""]",2026-04-10T16:49:36,6,False,773
a1067ffa-2d57-4551-ae40-0486c9101848,"Ban 'forever chemicals' in uniforms and frying pans, MPs urge","School uniforms and non-stick pans are some of the everyday products that should stop using chemicals called PFAS, MPs say.",https://www.bbc.com/news/articles/ckg98q1yx9vo?at_medium=RSS&at_campaign=rss,https://ichef.bbci.co.uk/ace/standard/240/cpsprodpb/ba3e/live/5fbcb360-3e3f-11f1-bb02-b7764f8dd2b3.jpg,Science,Environment,"[""science"", ""climate"", ""environment"", ""nature"", ""research""]",2026-04-10T17:35:59,6,False,928
eb2bad23-3764-4363-a131-06306a834c91,Royals bid farewell to US with visit to Arlington Cemetery and a block party,"King Charles' historic state visit, the first by a British monarch since Queen Elizabeth II's in 2007, has come to an end.",https://www.bbc.com/news/videos/c707wd724wjo?at_medium=RSS&at_campaign=rss,https://ichef.bbci.co.uk/ace/standard/240/cpsprodpb/2797/live/e986f8e0-44f1-11f1-bd52-e755d604ece4.jpg,News,UK Politics,"[""politics"", ""UK"", ""government"", ""policy""]",2026-04-10T21:28:50,2,False,617
9cdc6dd8-6881-47fd-9ad3-2f7b247a17f9,FC Basel postpone fixture after stadium fire,"FC Basel's Swiss Super League match against FC Thun is postponed after a fire causes ""significant damage"" to Basel's St Jakob-Park stadium.",https://www.bbc.com/sport/football/articles/ce8jeg4k3p0o?at_medium=RSS&at_campaign=rss,https://ichef.bbci.co.uk/ace/standard/240/cpsprodpb/fe9f/live/41f2a3e0-35a6-11f1-bfb7-dfacb91b9fa4.jpg,Sport,Football,"[""football"", ""sport"", ""premier league"", ""soccer""]",2026-04-11T08:58:18,6,False,319
4e30e868-4f62-4087-9c39-5f8aad7adfc4,Unmasking the coach who led Man City to WSL title glory,Who is the Swedish mastermind who has guided Manchester City to a first Women's Super League title for a decade?,https://www.bbc.com/sport/football/articles/cwy2jvd3g0zo?at_medium=RSS&at_campaign=rss,https://ichef.bbci.co.uk/ace/standard/240/cpsprodpb/2256/live/b6a6a090-49f3-11f1-b55d-0f258dce1735.jpg,Sport,Football,"[""football"", ""sport"", ""premier league"", ""soccer""]",2026-04-11T11:04:28,3,False,420
3789452f-1f3b-46e3-83bc-f0daf3516855,Baptiste saves six match points to stun Sabalenka,Hailey Baptiste saves six match points as she stuns world number one and defending champion Aryna Sabalenka in the quarter-finals of the Madrid Open.,https://www.bbc.com/sport/tennis/articles/c1e2p5lz6wyo?at_medium=RSS&at_campaign=rss,https://ichef.bbci.co.uk/ace/standard/240/cpsprodpb/5cf6/live/a5e90720-4390-11f1-a65b-5d06945f9974.jpg,Sport,Tennis,"[""tennis"", ""sport"", ""wimbledon"", ""grand slam""]",2026-04-12T06:03:30,5,False,380
29d03ee8-9ec5-4238-9f1e-d215ae090af6,Tech Life,Workers train AI to identify everyday objects by labelling items in photos and videos.,https://www.bbc.co.uk/sounds/play/w3ct8jxs?at_medium=RSS&at_campaign=rss,https://ichef.bbci.co.uk/images/ic/240x135/p0nh4hhr.jpg,Technology,Tech & AI,"[""technology"", ""AI"", ""internet"", ""innovation"", ""data""]",2026-04-12T10:38:24,5,False,801
0d927460-b49b-4468-b7cf-e40f4fc6d833,Oscars says AI actors and writing cannot win awards,The academy that controls the Oscars on Friday issued new award eligibility requirements around the use of artificial intelligence in film.,https://www.bbc.com/news/articles/cx21dl3v7d3o?at_medium=RSS&at_campaign=rss,https://ichef.bbci.co.uk/ace/standard/240/cpsprodpb/44b2/live/660b2060-45ad-11f1-b552-73094d4d31d4.jpg,Technology,Tech & AI,"[""technology"", ""AI"", ""internet"", ""innovation"", ""data""]",2026-04-12T22:02:42,4,False,555
e454ee18-6449-4220-834f-9a1a7b91ae40,King and Queen lead tributes for David Attenborough's 100th birthday,The royal couple shared photographs of Sir David and wished him a very happy birthday.,https://www.bbc.com/news/articles/cp3pww9g0p5o?at_medium=RSS&at_campaign=rss,https://ichef.bbci.co.uk/ace/standard/240/cpsprodpb/4ee8/live/01ccbf70-4ace-11f1-a909-a5874e7743fb.jpg,News,UK Politics,"[""politics"", ""UK"", ""government"", ""policy""]",2026-04-12T22:41:17,2,False,280
17468efd-8578-4df2-b8c0-b9623118eb3a,Jimenez suspended as Bournemouth launch investigation,AFC Bournemouth drop defender Alex Jimenez from their squad amid an investigation into posts on social media.,https://www.bbc.com/sport/football/articles/cjdpx3n9rvyo?at_medium=RSS&at_campaign=rss,https://ichef.bbci.co.uk/ace/standard/240/cpsprodpb/3503/live/88312b20-4ad1-11f1-92c1-4f69e4cb55db.jpg,Sport,Football,"[""football"", ""sport"", ""premier league"", ""soccer""]",2026-04-13T06:18:46,4,False,658
53e86b33-9045-4757-9b97-1eb56156971c,What is US Open prize money?,BBC Sport's Ask Me Anything team looks at how much prize money is on offer at the US Open.,https://www.bbc.com/sport/tennis/articles/cgjyjjxzvydo?at_medium=RSS&at_campaign=rss,https://ichef.bbci.co.uk/ace/standard/240/cpsprodpb/bd9f/live/9bb5e760-88a0-11f0-9cf6-cbf3e73ce2b9.png,Sport,Tennis,"[""tennis"", ""sport"", ""wimbledon"", ""grand slam""]",2026-04-13T10:36:42,4,False,432
4aed23ec-7e20-4e3e-866a-b54348aded48,Asher-Smith finishes seventh as Dosso takes women's 60m gold,Asher-Smith finishes seventh as Dosso takes women's 60m gold,https://www.bbc.co.uk/programmes/p0n82ddd?at_medium=RSS&at_campaign=rss,https://ichef.bbci.co.uk/images/ic/240x135/p0n82f2r.jpg,Sport,Athletics,"[""athletics"", ""sport"", ""running"", ""olympics""]",2026-04-13T18:01:20,5,False,811
f16f2a13-d90d-4814-9505-5f89ab4aa4ca,Ukraine war 'led me to surrogacy' to earn money but a new law could end those plans,Ukraine is considering a law that would effectively ban foreigners from accessing surrogacy in the country.,https://www.bbc.com/news/articles/clyp4kp687go?at_medium=RSS&at_campaign=rss,https://ichef.bbci.co.uk/ace/standard/240/cpsprodpb/dd4d/live/992a5b50-494f-11f1-bd44-e578c5bd51ff.png,News,World,"[""world"", ""international"", ""global""]",2026-04-13T20:44:38,5,False,655
1b2a9f2b-5ce1-4d99-b6d3-dbeb54edc90a,Man charged after allegedly threatening Andrew Mountbatten-Windsor,"Alex Jenkinson, 39, of Stowmarket, Suffolk, has been remanded in custody ahead of a court appearance.",https://www.bbc.com/news/articles/c4g0d1wp6g8o?at_medium=RSS&at_campaign=rss,https://ichef.bbci.co.uk/ace/standard/240/cpsprodpb/87bc/live/de876bc0-4abc-11f1-b55d-0f258dce1735.png,News,UK Politics,"[""politics"", ""UK"", ""government"", ""policy""]",2026-04-13T21:29:27,2,False,473
38ecc5a5-9f1a-42fe-b00a-8e6c076d2eba,Six things to watch out for in the Scottish election,Results are expected to be announced across the country from early on Friday afternoon.,https://www.bbc.com/news/articles/cn4pyrnmplgo?at_medium=RSS&at_campaign=rss,https://ichef.bbci.co.uk/ace/standard/240/cpsprodpb/0d93/live/e07c1f30-4a61-11f1-a4c0-1961880a461f.jpg,News,UK Politics,"[""politics"", ""UK"", ""government"", ""policy""]",2026-04-14T13:19:42,2,False,997
aba24159-18da-4079-a2d8-feeaba6eea3c,"When will we know election results in England, Scotland and Wales?","Millions have voted in parliamentary elections in Scotland and Wales, and local elections in England.",https://www.bbc.com/news/articles/c62nq678nyzo?at_medium=RSS&at_campaign=rss,https://ichef.bbci.co.uk/ace/standard/240/cpsprodpb/992e/live/18566ce0-4ab1-11f1-b55d-0f258dce1735.jpg,News,UK Politics,"[""politics"", ""UK"", ""government"", ""policy""]",2026-04-14T13:25:44,4,False,1076
09ddad92-5e82-4b51-b409-006b88520130,Football Daily,"John Murray, Ian Dennis & Ali Bruce-Ball react to European success for Arsenal & Villa.",https://www.bbc.co.uk/sounds/play/m002wgwt?at_medium=RSS&at_campaign=rss,https://ichef.bbci.co.uk/images/ic/240x135/p0m29vn0.jpg,Sport,Football,"[""football"", ""sport"", ""premier league"", ""soccer""]",2026-04-14T13:40:43,4,False,683
79d09dbd-f9df-49cb-9759-cae1ca35a700,Gold next target on Robertson's 'tremendous journey',"Joanna Robertson says her sporting life has been a ""tremendous journey"" with the next stop the Glasgow 2026 Commonwealth Games, where she is targeting gold in the T54 1500m and 400m wheelchair races.",https://www.bbc.com/sport/athletics/articles/c62d79gp93jo?at_medium=RSS&at_campaign=rss,https://ichef.bbci.co.uk/ace/standard/240/cpsprodpb/bf4d/live/da6571a0-4962-11f1-a87a-55dfd3c7a311.jpg,Sport,Athletics,"[""athletics"", ""sport"", ""running"", ""olympics""]",2026-04-14T19:29:21,4,False,996
d8246c93-cf8b-4581-a807-c0081211db0a,Meta brings High Court challenge over Ofcom fees,"Meta said Ofcom's calculations were ""disproportionate""; the regulator said it would defend its position.",https://www.bbc.com/news/articles/cj0pqpgvvn2o?at_medium=RSS&at_campaign=rss,https://ichef.bbci.co.uk/ace/standard/240/cpsprodpb/49b2/live/00387d60-4a2a-11f1-bfb3-af42b3144659.jpg,Technology,Tech & AI,"[""technology"", ""AI"", ""internet"", ""innovation"", ""data""]",2026-04-14T21:12:14,5,False,588
f5958016-1039-4987-aa57-ed13f15b8210,Vibrant and victorious - Villa ready to end 30-year trophy drought,When Unai Emery arrived at Aston Villa he declared he wanted to win trophies. He is now just a game away from silverware after a crushing Europa League semi-final win against Nottingham Forest.,https://www.bbc.com/sport/football/articles/cddpy80r5dgo?at_medium=RSS&at_campaign=rss,https://ichef.bbci.co.uk/ace/standard/240/cpsprodpb/a546/live/5bf6c930-4a5d-11f1-a4c0-1961880a461f.jpg,Sport,Football,"[""football"", ""sport"", ""premier league"", ""soccer""]",2026-04-14T21:55:34,2,False,349
d9b358fd-703d-4827-80a8-4201378964a7,The kelp producer who wants to get Americans eating seaweed,Marine farmer Suzie Flores also hopes the crop can revitalise the US's small fishing towns.,https://www.bbc.com/news/articles/cx21n6zzpqwo?at_medium=RSS&at_campaign=rss,https://ichef.bbci.co.uk/ace/standard/240/cpsprodpb/25f3/live/444862c0-42e3-11f1-b55d-0f258dce1735.jpg,Business,Economy,"[""business"", ""economy"", ""finance"", ""markets"", ""companies""]",2026-04-15T07:15:45,6,False,822
8b92e9a3-2cd4-4475-bed8-3d864d55ad51,Arsenal draw at Brighton gives Man City WSL title,Arsenal play out a 1-1 draw away to Brighton & Hove Albion - a result which gives Manchester City their first WSL title since 2016.,https://www.bbc.com/sport/football/videos/cy72gv723rno?at_medium=RSS&at_campaign=rss,https://ichef.bbci.co.uk/ace/standard/240/cpsprodpb/b75b/live/ba563880-499a-11f1-ac78-2112837ce2aa.jpg,Sport,Football,"[""football"", ""sport"", ""premier league"", ""soccer""]",2026-04-15T10:31:02,2,False,1130
9c0579ca-a58a-4886-81d4-0853f4724dd9,What is the UK Covid inquiry and how does it work?,"The fourth report from the inquiry into the pandemic said the vaccine roll-out was an ""extraordinary feat"".",https://www.bbc.com/news/articles/cdr3kx6xmp5o?at_medium=RSS&at_campaign=rss,https://ichef.bbci.co.uk/ace/standard/240/cpsprodpb/2bda/live/d088bf20-5723-11f0-82f9-ffcaa67a8d94.jpg,News,Health,"[""health"", ""NHS"", ""medicine"", ""wellbeing""]",2026-04-15T13:45:10,4,False,1149
37f280b1-6706-4bbb-8ad8-4254f39ca67f,Hantavirus strain that spreads between humans found in cruise ship passengers,South Africa's health ministry said the Andes strain of the virus was found in two confirmed cases linked to the outbreak.,https://www.bbc.com/news/articles/ce8pypvjx1ko?at_medium=RSS&at_campaign=rss,https://ichef.bbci.co.uk/ace/standard/240/cpsprodpb/6cdc/live/63d64150-4916-11f1-bd52-e755d604ece4.jpg,News,Health,"[""health"", ""NHS"", ""medicine"", ""wellbeing""]",2026-04-15T15:28:07,2,False,406
b46a5e17-0d2b-4bb5-a092-d939bd3a867a,Man City's title hopes dented despite late Doku stunner in six-goal thriller,Jeremy Doku's 97th-minute equaliser salvages a draw for Manchester City in a six-goal thriller at Everton.,https://www.bbc.com/sport/football/videos/c2k2dd79wyxo?at_medium=RSS&at_campaign=rss,https://ichef.bbci.co.uk/ace/standard/240/cpsprodpb/4e98/live/be3e6290-4802-11f1-ac78-2112837ce2aa.jpg,Sport,Football,"[""football"", ""sport"", ""premier league"", ""soccer""]",2026-04-15T15:57:01,7,False,350
8b52ae9b-236f-479e-95d1-7e419a7b779e,Man jailed for murder of father-of-nine  has conviction quashed,"Sean Rodgers, 38, was sentenced to a minimum of 18 years for the murder of Edward Meenan in Londonderry in 2018.",https://www.bbc.com/news/articles/cgqpv9p32z8o?at_medium=RSS&at_campaign=rss,https://ichef.bbci.co.uk/ace/standard/240/cpsprodpb/804a/live/389a8520-4adb-11f1-941e-d3689d7c57f6.jpg,News,UK Politics,"[""politics"", ""UK"", ""government"", ""policy""]",2026-04-15T16:22:44,5,False,330
f558cf3c-d1eb-4713-a5d5-dd37364a094e,Inside Health,"James visits Hackney, which has one of the lowest vaccination rates in the country.",https://www.bbc.co.uk/sounds/play/m002sf6d?at_medium=RSS&at_campaign=rss,https://ichef.bbci.co.uk/images/ic/240x135/p0m1r8h6.jpg,News,Health,"[""health"", ""NHS"", ""medicine"", ""wellbeing""]",2026-04-15T18:12:58,6,False,419
5d4e138d-e123-47a3-a9d2-b55fb2fd4e48,Prepare for turbulence - how a prolonged Middle East conflict could reshape how we fly,The Gulf's hub airports made long-distance travel cheaper - but now their future looks unclear.,https://www.bbc.com/news/articles/cn08x9lw0pzo?at_medium=RSS&at_campaign=rss,https://ichef.bbci.co.uk/ace/standard/240/cpsprodpb/1543/live/c1c12910-2837-11f1-b297-95b0a0a8331e.jpg,Business,Economy,"[""business"", ""economy"", ""finance"", ""markets"", ""companies""]",2026-04-15T18:41:50,4,False,490
697dc3f5-723d-4205-9503-1ab185047e2f,Players at 'high risk' as tennis chases sun,"With high temperatures and very high UV levels at the Australian Open, BBC Sport looks at the effects of playing for hours outdoors.",https://www.bbc.com/sport/tennis/articles/c14rvyj80g7o?at_medium=RSS&at_campaign=rss,https://ichef.bbci.co.uk/ace/standard/240/cpsprodpb/823a/live/4e02b680-f6cb-11f0-b385-5f48925de19a.jpg,Sport,Tennis,"[""tennis"", ""sport"", ""wimbledon"", ""grand slam""]",2026-04-15T19:55:58,5,False,477
7ade35d2-ba84-4de6-b3dd-5cfe31ad6358,Shakira unveils official World Cup 2026 song,Colombian pop star Shakira unveils her official song for the 2026 World Cup.,https://www.bbc.com/sport/football/articles/cgjp5q6xvg9o?at_medium=RSS&at_campaign=rss,https://ichef.bbci.co.uk/ace/standard/240/cpsprodpb/dd59/live/ac3ce2b0-4a4b-11f1-9cf8-9bf0cf6f692d.jpg,Sport,Football,"[""football"", ""sport"", ""premier league"", ""soccer""]",2026-04-15T20:57:18,6,False,1106
e371d219-55eb-4631-a782-ad2e6f155a27,The science of soulmates: Is there someone out there exactly right for you?,"For many, the idea of soulmates still shapes how love is understood.",https://www.bbc.com/news/articles/crrnyg9e91jo?at_medium=RSS&at_campaign=rss,https://ichef.bbci.co.uk/ace/standard/240/cpsprodpb/cb9b/live/0e8bfe40-01b5-11f1-9972-d3f265c101c6.jpg,Science,Environment,"[""science"", ""climate"", ""environment"", ""nature"", ""research""]",2026-04-16T06:40:32,3,False,568
52b31502-e55d-44aa-8c1b-fe179835b770,How do pacers work?,BBC Sport's Ask Me Anything team explains the role of pacers in running events,https://www.bbc.com/sport/articles/cqlpvg6eqy1o?at_medium=RSS&at_campaign=rss,https://ichef.bbci.co.uk/ace/standard/240/cpsprodpb/5182/live/580063c0-44a1-11f1-bd52-e755d604ece4.jpg,Sport,Athletics,"[""athletics"", ""sport"", ""running"", ""olympics""]",2026-04-16T09:22:27,7,False,936
cf27f207-6eaf-4817-b2b5-a3048e5e9903,Crystal Palace fans want honey again - Glasner,Crystal Palace manager Oliver Glasner had some unusual answers to questions at his news conference before their Conference League semi-final second leg with Shakhtar Donetsk.,https://www.bbc.com/sport/football/videos/crmpjnx1d3mo?at_medium=RSS&at_campaign=rss,https://ichef.bbci.co.uk/ace/standard/240/cpsprodpb/4916/live/c3c212c0-4960-11f1-bd52-e755d604ece4.jpg,Sport,Football,"[""football"", ""sport"", ""premier league"", ""soccer""]",2026-04-16T10:32:37,4,False,322
19a5af23-b121-4226-8eda-a0addc1d91b6,Duplantis wins fourth World Indoor Championship gold,Armand Duplantis wins his fourth pole vault world indoor title with a championship record 6.25m clearance at the World Indoor Athletics Championships in Poland.,https://www.bbc.com/sport/athletics/videos/cr41xe12rzeo?at_medium=RSS&at_campaign=rss,https://ichef.bbci.co.uk/ace/standard/240/cpsprodpb/5b78/live/86498070-2563-11f1-b297-95b0a0a8331e.jpg,Sport,Athletics,"[""athletics"", ""sport"", ""running"", ""olympics""]",2026-04-16T17:05:27,5,False,1054
3f47af44-5bab-4194-87b6-9b479c2e3198,BBC Inside Science,What was learnt from the Chernobyl disaster and how has it shaped UK energy production?,https://www.bbc.co.uk/sounds/play/w3ct977g?at_medium=RSS&at_campaign=rss,https://ichef.bbci.co.uk/images/ic/240x135/p0m1ww2j.jpg,Science,Environment,"[""science"", ""climate"", ""environment"", ""nature"", ""research""]",2026-04-17T06:16:13,7,False,367
530d6c0d-06c7-4089-bcb4-5dd442f904a1,What is hantavirus and how does it spread?,"The Andes strain of the virus, which can rarely be passed from person to person,  has been confirmed in some passengers.",https://www.bbc.com/news/articles/c8r8j1l6j0go?at_medium=RSS&at_campaign=rss,https://ichef.bbci.co.uk/ace/standard/240/cpsprodpb/f9b6/live/e5da45c0-477c-11f1-b55d-0f258dce1735.jpg,News,Health,"[""health"", ""NHS"", ""medicine"", ""wellbeing""]",2026-04-17T08:03:10,5,False,343
87278e30-30e0-4aa8-ade2-fb644cdcf714,Boulter teams up with 'absolute icon' Williams in Madrid,"Briton Katie Boulter calls it a privilege to play alongside ""absolute icon"" Venus Williams as they reach round two of the women's doubles at the Madrid Open.",https://www.bbc.com/sport/tennis/articles/c1j76y9pdk0o?at_medium=RSS&at_campaign=rss,https://ichef.bbci.co.uk/ace/standard/240/cpsprodpb/8686/live/984c3730-40c6-11f1-9af5-0bf991029b02.jpg,Sport,Tennis,"[""tennis"", ""sport"", ""wimbledon"", ""grand slam""]",2026-04-17T09:31:45,4,False,1170
4c61022e-b6d6-41f7-b055-2063f7d55b47,What is the 'designated batters' rule introduced by Big Bash League?,BBC Sport's Ask Me Anything team explains the new 'designated batter and fielder' rule introduced by the Big Bash League for the 2026-27 season.,https://www.bbc.com/sport/cricket/articles/cy9y8d1wgrgo?at_medium=RSS&at_campaign=rss,https://ichef.bbci.co.uk/ace/standard/240/cpsprodpb/cf99/live/f3013920-f204-11f0-b5f7-49f0357294ff.jpg,Sport,Cricket,"[""cricket"", ""sport"", ""ashes"", ""test match""]",2026-04-17T10:08:34,4,False,295
181deff2-ac76-42ed-b084-b2f8ef715957,First ever talks to ditch fossil fuels as UN deadlock deepens,Some 60 countries are meeting in Colombia as frustration grows with lack of progress in tackling climate change,https://www.bbc.com/news/articles/cx2rq92yv4vo?at_medium=RSS&at_campaign=rss,https://ichef.bbci.co.uk/ace/standard/240/cpsprodpb/541b/live/e6404e80-3f00-11f1-8f22-b3ee8e7863f3.jpg,Science,Environment,"[""science"", ""climate"", ""environment"", ""nature"", ""research""]",2026-04-17T10:55:16,6,False,277
b560db87-c99b-43d5-b3f2-b3e4c9939c5f,Tech Now,"Shiona McCallum tours Blenheim Palace, exploring the tech aiding its restoration.",https://www.bbc.co.uk/iplayer/episode/m002tvm7?at_medium=RSS&at_campaign=rss,https://ichef.bbci.co.uk/images/ic/240x135/p0n9zb5q.jpg,Technology,Tech & AI,"[""technology"", ""AI"", ""internet"", ""innovation"", ""data""]",2026-04-17T13:28:39,3,False,749
b3088ff7-320f-4cc2-9d14-70d673f6669c,Major rail disruption expected in southern England until end of day,"A radio fault has been resolved but passengers could continue to face long delays, warns National Rail.",https://www.bbc.com/news/articles/ckgp8yjllx1o?at_medium=RSS&at_campaign=rss,https://ichef.bbci.co.uk/ace/standard/240/cpsprodpb/2f25/live/25c08330-4a3d-11f1-bd52-e755d604ece4.jpg,Business,Economy,"[""business"", ""economy"", ""finance"", ""markets"", ""companies""]",2026-04-17T16:55:40,5,False,1157
4e852ac1-e159-44d0-9279-335c89a7374b,David Attenborough's 'secret superpower' celebrated on 100th birthday,BBC producers talk about working with Sir David Attenborough on his 100th birthday.,https://www.bbc.com/news/articles/c232kl5g13jo?at_medium=RSS&at_campaign=rss,https://ichef.bbci.co.uk/ace/standard/240/cpsprodpb/e685/live/26234190-4aca-11f1-9a78-91accbab2de0.jpg,Science,Environment,"[""science"", ""climate"", ""environment"", ""nature"", ""research""]",2026-04-17T19:05:58,5,False,585
20b15859-9767-42bb-853c-c178acf62bd3,Stumped podcast: What impact could England's Corteen-Coleman make at T20 World Cup?,Uncapped Corteen-Coleman has been named in England Women's T20 World Cup squad,https://www.bbc.co.uk/sounds/play/w3ct99f4?at_medium=RSS&at_campaign=rss,https://ichef.bbci.co.uk/images/ic/240x135/p0nhkdgx.jpg,Sport,Cricket,"[""cricket"", ""sport"", ""ashes"", ""test match""]",2026-04-18T06:03:50,7,False,601
1818f024-b0fc-4bbb-9e08-4ed4e51f6626,Why has the UAE left Opec - and why does this matter?,The United Arab Emirates (UAE) is quitting oil cartel Opec after nearly 60 years of membership.,https://www.bbc.com/news/videos/cz92wdvwek8o?at_medium=RSS&at_campaign=rss,https://ichef.bbci.co.uk/ace/standard/240/cpsprodpb/809a/live/556ee020-43b4-11f1-bd52-e755d604ece4.jpg,Business,Economy,"[""business"", ""economy"", ""finance"", ""markets"", ""companies""]",2026-04-18T06:23:19,3,False,642
5c094d9e-23f0-45d2-80d7-f19adb6f2861,Anti-war protests rock Japan as PM pushes for stronger defence,Japan's largest anti-war protests in decades highlight a population divided over changes to its pacifist constitution.,https://www.bbc.com/news/articles/c4g93v8jqnyo?at_medium=RSS&at_campaign=rss,https://ichef.bbci.co.uk/ace/standard/240/cpsprodpb/c835/live/c4771c70-4914-11f1-b60d-11e8305a3b87.jpg,News,World,"[""world"", ""international"", ""global""]",2026-04-18T07:35:18,7,False,1104
036b8acb-8716-4fd2-ac8b-bfbd9eb5bbc3,Trapped nerve and wee stops - running a marathon 22 weeks pregnant,British athlete Calli Hauger-Thackery says running the Boston Marathon 22 weeks into her pregnancy was the toughest achievement in her career.,https://www.bbc.com/sport/athletics/articles/cd9v425e9dqo?at_medium=RSS&at_campaign=rss,https://ichef.bbci.co.uk/ace/standard/240/cpsprodpb/3121/live/56e456e0-3dc6-11f1-b6c7-4f869705a4fe.jpg,Sport,Athletics,"[""athletics"", ""sport"", ""running"", ""olympics""]",2026-04-18T09:15:27,6,False,871
03e5e1ca-19a7-4741-b939-8e6ab1f0220c,Test Match Special Podcast,"Mark Chapman is joined by Sir Alastair Cook, Jack Leach and, Phil Tufnell.",https://www.bbc.co.uk/sounds/play/p0ngygw8?at_medium=RSS&at_campaign=rss,https://ichef.bbci.co.uk/images/ic/240x135/p0ngyh20.jpg,Sport,Cricket,"[""cricket"", ""sport"", ""ashes"", ""test match""]",2026-04-18T12:04:53,7,False,1123
333c6ce4-5053-452b-a560-3990acc5464a,How operation to disembark passengers on virus-hit cruise will work,"The BBC's Guy Hedgecoe reports from Tenerife, where some locals fear the ship's arrival could bring health risks.",https://www.bbc.com/news/videos/cx218zp9897o?at_medium=RSS&at_campaign=rss,https://ichef.bbci.co.uk/ace/standard/240/cpsprodpb/d849/live/350d88e0-4a4e-11f1-b55d-0f258dce1735.jpg,News,World,"[""world"", ""international"", ""global""]",2026-04-18T13:59:16,6,False,519
ff90d0f7-1bd2-429e-9b5a-1fd619933f5b,"Ups, downs and the race for Europe","All you need to know about promotion, relegation and qualification for Europe in England and Scotland's top men's football leagues, and the Women's Super League.",https://www.bbc.com/sport/football/articles/c4gq030l414o?at_medium=RSS&at_campaign=rss,https://ichef.bbci.co.uk/ace/standard/240/cpsprodpb/4a8e/live/f5b00d50-4636-11f1-9cdd-6d38890cd031.jpg,Sport,Football,"[""football"", ""sport"", ""premier league"", ""soccer""]",2026-04-18T15:44:18,5,False,542
7f7382f0-6035-40c0-b378-ba31ad73aada,Seven-time Grand Slam champion Murray retires,Seven-time Grand Slam champion Jamie Murray retires from tennis as one of the most-decorated doubles players in the world. Here's a look back at his 2007 and 2017 mixed doubles triumphs at Wimbledon.,https://www.bbc.com/sport/tennis/videos/c4gdd6z0dlmo?at_medium=RSS&at_campaign=rss,https://ichef.bbci.co.uk/ace/standard/240/cpsprodpb/9195/live/f927f480-38d9-11f1-879d-1b2f5c3919b8.jpg,Sport,Tennis,"[""tennis"", ""sport"", ""wimbledon"", ""grand slam""]",2026-04-18T20:25:26,5,False,275
484f7b78-95e3-4b2f-9697-35eb4e30d8f6,Trump and Lula's private Oval Office meeting signals lingering strain - and effort to avoid tension,"The US and Brazilian presidents did not appear together publicly, but traded compliments after their talks.",https://www.bbc.com/news/articles/c8r8gxjxz10o?at_medium=RSS&at_campaign=rss,https://ichef.bbci.co.uk/ace/standard/240/cpsprodpb/a264/live/ea115f80-4a8c-11f1-8cc6-3107ba12e291.jpg,News,World,"[""world"", ""international"", ""global""]",2026-04-18T21:06:55,4,False,613
d1154f20-c48e-4039-9a32-42c9eb572301,Kyrgios defeats Sabalenka in 'Battle of the Sexes',Watch the best moments between Aryna Sabalenka and Nick Kyrgios at the Battle of the Sexes in Dubai.,https://www.bbc.com/sport/tennis/videos/c62npyp99rko?at_medium=RSS&at_campaign=rss,https://ichef.bbci.co.uk/ace/standard/240/cpsprodpb/3c64/live/2da7e340-e41c-11f0-aae2-2191c0e48a3b.jpg,Sport,Tennis,"[""tennis"", ""sport"", ""wimbledon"", ""grand slam""]",2026-04-18T21:14:54,3,False,478
104e9f23-4332-417d-8adc-cd00a0afa2c0,Players not getting the respect they deserve - Sinner,"Jannik Sinner admits it is ""tough to say"" whether he would ever boycott a Grand Slam over prize money, but claims players are not getting the respect they deserve.",https://www.bbc.com/sport/tennis/articles/cz92nwlg8q1o?at_medium=RSS&at_campaign=rss,https://ichef.bbci.co.uk/ace/standard/240/cpsprodpb/293e/live/4a78e850-4a21-11f1-97c6-d32d5f1a58f0.jpg,Sport,Tennis,"[""tennis"", ""sport"", ""wimbledon"", ""grand slam""]",2026-04-19T06:08:00,4,False,415
09e9ac0d-3970-4df4-94c5-db60de357cbc,Ehammer breaks men's heptathlon world record,Ehammer breaks men's heptathlon world record,https://www.bbc.co.uk/programmes/p0n8223r?at_medium=RSS&at_campaign=rss,https://ichef.bbci.co.uk/images/ic/240x135/p0n822bq.jpg,Sport,Athletics,"[""athletics"", ""sport"", ""running"", ""olympics""]",2026-04-19T11:51:39,2,False,561
852aef57-3fc4-4d37-826e-f261aa780f4b,"US to safety test new AI models from Google, Microsoft, xAI",New agreements between the companies and the Commerce department build on Biden-era pacts.,https://www.bbc.com/news/articles/cgjp2we2j8go?at_medium=RSS&at_campaign=rss,https://ichef.bbci.co.uk/ace/standard/240/cpsprodpb/78a3/live/9a5fdc10-48b5-11f1-90e6-350a323e11ac.jpg,Technology,Tech & AI,"[""technology"", ""AI"", ""internet"", ""innovation"", ""data""]",2026-04-19T15:54:50,6,False,639
cfeeeebc-c478-448e-a81e-786123cdff48,Is Sinner-Alcaraz in danger of making majors boring?,"Though the Carlos Alcaraz and Jannik Sinner rivalry is thrilling, tennis correspondent Russell Fuller ponders whether it could make Grand Slams boring.",https://www.bbc.com/sport/tennis/articles/c17x0zw2x1go?at_medium=RSS&at_campaign=rss,https://ichef.bbci.co.uk/ace/standard/240/cpsprodpb/8504/live/48f38880-f82a-11f0-b385-5f48925de19a.jpg,Sport,Tennis,"[""tennis"", ""sport"", ""wimbledon"", ""grand slam""]",2026-04-19T16:42:07,5,False,1143
cc1b4e6e-dfb1-4157-b6b2-0b75b50f83d5,Legendary manager Lucescu dies five days after resigning as Romania coach,"Legendary manager Mircea Lucescu dies aged 80, five days after stepping down as Romania's head coach.",https://www.bbc.com/sport/football/articles/cgj0d8dz5dgo?at_medium=RSS&at_campaign=rss,https://ichef.bbci.co.uk/ace/standard/240/cpsprodpb/8260/live/f7470000-32b9-11f1-8551-ebe7c5dd79d2.jpg,Sport,Football,"[""football"", ""sport"", ""premier league"", ""soccer""]",2026-04-19T17:33:32,2,False,1161
375a9dec-99be-4f35-8b51-92c14004d26d,Fifa and Panini to end partnership after 2030 World Cup,Fanatics will provide collectibles such as sticker albums for Fifa from 2031 onwards after a new deal was signed on Thursday.,https://www.bbc.com/sport/football/articles/cjdp3pmnv9ko?at_medium=RSS&at_campaign=rss,https://ichef.bbci.co.uk/ace/standard/240/cpsprodpb/d190/live/d7981960-4a29-11f1-bfb3-af42b3144659.jpg,Sport,Football,"[""football"", ""sport"", ""premier league"", ""soccer""]",2026-04-19T17:37:19,5,False,747
c37ee247-7a19-4e6c-b20e-ff0cdddea44b,Student uses space cosmic rays to make photographs,Blank negative photographic film sealed in a bag is sent to edge of space using a helium balloon.,https://www.bbc.com/news/articles/c152gpqxkv0o?at_medium=RSS&at_campaign=rss,https://ichef.bbci.co.uk/ace/standard/240/cpsprodpb/1f71/live/88861470-4327-11f1-86fa-b5b1f146da5b.jpg,Science,Environment,"[""science"", ""climate"", ""environment"", ""nature"", ""research""]",2026-04-19T18:05:23,2,False,731
743e1242-4f61-4b06-942d-216d2ef81b82,Valverde cut head when he 'accidentally hit table' in Tchouameni row,"Federico Valverde went to hospital after a dressing room row with Real Madrid team-mate Aurelien Tchouameni which left him with a head injury after he ""accidentally hit a table"".",https://www.bbc.com/sport/football/articles/c98r4218l73o?at_medium=RSS&at_campaign=rss,https://ichef.bbci.co.uk/ace/standard/240/cpsprodpb/5e9e/live/a59a3800-4a2c-11f1-91d3-69962f9a0625.jpg,News,World,"[""world"", ""international"", ""global""]",2026-04-19T20:19:55,2,False,484
578ef734-c75e-4226-ac94-0e2f3f1326ee,Calls for Reformer Pilates regulation amid boom,Reformer Pilates businesses in the UK rose nearly ten-fold between 2024 and 2025.,https://www.bbc.com/news/articles/cp9p5m00nxgo?at_medium=RSS&at_campaign=rss,https://ichef.bbci.co.uk/ace/standard/240/cpsprodpb/7657/live/382b7450-44b4-11f1-ac78-2112837ce2aa.png,News,Health,"[""health"", ""NHS"", ""medicine"", ""wellbeing""]",2026-04-19T20:26:03,6,False,453
893a105c-aa6d-4ad3-a0a2-a63ffc18d0aa,What is chickenpox and who can get an NHS vaccine?,The standard NHS childhood vaccination programme will include chickenpox from 2 January 2026.,https://www.bbc.com/news/articles/cn0rnqj52y5o?at_medium=RSS&at_campaign=rss,https://ichef.bbci.co.uk/ace/standard/240/cpsprodpb/4209/live/2447a060-826f-11f0-a832-3d1a9236e27e.jpg,News,Health,"[""health"", ""NHS"", ""medicine"", ""wellbeing""]",2026-04-19T21:18:42,7,False,1146
da4f9833-46bf-4935-8252-c7e2f89f9aed,"Trump's 'irresponsible war' to blame for economic slowdown, German minister says","Finance Minister Lars Klingbeil blamed the US president's ""irresponsible war in Iran"" for harming the Germany economy.",https://www.bbc.com/news/articles/cwy2d0v3p2po?at_medium=RSS&at_campaign=rss,https://ichef.bbci.co.uk/ace/standard/240/cpsprodpb/3a50/live/05bdb9e0-4a38-11f1-a70d-c72ff4101914.jpg,News,World,"[""world"", ""international"", ""global""]",2026-04-20T07:09:09,3,False,417
b9c05923-58cd-4864-99fc-25ade446c6ad,Nottingham Forest boost survival hopes with win over Chelsea,"Nottingham Forest increase their hopes of Premier League survival after a 3-1 win over Chelsea at Stamford Bridge, as goals from Taiwo Awoniyi and Igor Jesus help the visitors open a six-point gap over 18th-placed West Ham in the relegation zone.",https://www.bbc.com/sport/football/videos/cn5p7rgz16go?at_medium=RSS&at_campaign=rss,https://ichef.bbci.co.uk/ace/standard/240/cpsprodpb/23cb/live/61a645a0-47dc-11f1-ac78-2112837ce2aa.jpg,Sport,Football,"[""football"", ""sport"", ""premier league"", ""soccer""]",2026-04-20T07:20:50,2,False,662
2e600487-5cee-4d6c-b8d9-e2dbed268861,Surviving bombs and hunger to become a professional tennis player,"Tennis is seen as a rich sport. But many stars, including Novak Djokovic and Elina Svitolina, have forged successful careers from humble beginnings.",https://www.bbc.com/sport/tennis/articles/cvgrrpp93y3o?at_medium=RSS&at_campaign=rss,https://ichef.bbci.co.uk/ace/standard/240/cpsprodpb/7a4b/live/47735020-f835-11f0-a422-4ba8a094a8fa.jpg,Sport,Tennis,"[""tennis"", ""sport"", ""wimbledon"", ""grand slam""]",2026-04-20T07:37:35,7,False,360
aa757138-cc85-4500-b8ce-afe99148e6b2,Japan's Nishikori to retire at end of 2026 season,"Former world number four Kei Nishikori says he ""gave it his all"" after announcing he will retire from tennis at the end of the 2026 season.",https://www.bbc.com/sport/tennis/articles/ce8p18r2r3po?at_medium=RSS&at_campaign=rss,https://ichef.bbci.co.uk/ace/standard/240/cpsprodpb/93c1/live/a9f0f9b0-4523-11f1-a59f-45213bb82fb4.jpg,Sport,Tennis,"[""tennis"", ""sport"", ""wimbledon"", ""grand slam""]",2026-04-20T08:30:28,7,False,1175
7562ac68-abb0-4797-8e84-bc46a49206e1,"First stop, the Moon. Next stop, Mars? Why Nasa's mission matters",Lunar discoveries and a space race with China is seeing the US invest time and money to get to the Moon - and beyond.,https://www.bbc.com/news/articles/cd6wp6xenv0o?at_medium=RSS&at_campaign=rss,https://ichef.bbci.co.uk/ace/standard/240/cpsprodpb/d91a/live/1ce46b10-29e4-11f1-a79a-77e93010d956.jpg,Science,Environment,"[""science"", ""climate"", ""environment"", ""nature"", ""research""]",2026-04-20T09:03:15,4,False,421
7b40f46b-1504-427e-9bde-c2811e88c066,'Doctors strikes' and 'paw prints in space',A round-up of stories from local newspapers and the BBC from the past week in the West of England.,https://www.bbc.com/news/articles/c0krp1e7lkmo?at_medium=RSS&at_campaign=rss,https://ichef.bbci.co.uk/ace/standard/240/cpsprodpb/ede7/live/53554ba0-3421-11f1-aa50-fd39c44a0779.jpg,News,Health,"[""health"", ""NHS"", ""medicine"", ""wellbeing""]",2026-04-20T09:29:07,2,False,999
58d3804f-8ab8-4163-84fa-c238a3da9dd6,Electricity bills targeted in planned shakeup to energy pricing,The war in the Middle East has brought renewed attention to Britain's vulnerability to energy price shocks.,https://www.bbc.com/news/articles/c79jg43vd8no?at_medium=RSS&at_campaign=rss,https://ichef.bbci.co.uk/ace/standard/240/cpsprodpb/4498/live/b0c3db60-3d5b-11f1-8606-05fe34b06e1b.jpg,Science,Environment,"[""science"", ""climate"", ""environment"", ""nature"", ""research""]",2026-04-20T09:45:54,2,False,335
6b0a94b1-0ea1-4179-b779-14f154e7e35b,'I paid for a private hysterectomy',"Rachel Moore spent years in debilitating chronic pain due to the womb disease, adenomyosis.",https://www.bbc.com/news/videos/cvg02k39d5no?at_medium=RSS&at_campaign=rss,https://ichef.bbci.co.uk/ace/standard/240/cpsprodpb/af2b/live/0598d260-3fe8-11f1-bd52-e755d604ece4.jpg,News,Health,"[""health"", ""NHS"", ""medicine"", ""wellbeing""]",2026-04-20T09:49:25,7,False,555
bcdd9f5f-0ee9-458a-ba5e-c93ad8eee543,How 'choosing the hard path' helped Hunt claim superb 200m silver,Great Britain's Amy Hunt announces herself on the global stage by claiming a stunning 200m silver in her first major final at the World Championships in Tokyo.,https://www.bbc.com/sport/athletics/articles/c701x1wn5rno?at_medium=RSS&at_campaign=rss,https://ichef.bbci.co.uk/ace/standard/240/cpsprodpb/c137/live/267cbd30-9565-11f0-a3c3-898ca8bade9c.jpg,Sport,Athletics,"[""athletics"", ""sport"", ""running"", ""olympics""]",2026-04-20T12:57:49,7,False,423
1260bf93-142f-46c5-bd81-aebc6b31315d,Alexander-Arnold omission 'mind-boggling' to Rooney,"Former England captain Wayne Rooney says it is ""mind-boggling"" that Trent Alexander-Arnold was left out of Thomas Tuchel's final squad before the World Cup.",https://www.bbc.com/sport/football/articles/cn7pv5nrvglo?at_medium=RSS&at_campaign=rss,https://ichef.bbci.co.uk/ace/standard/240/cpsprodpb/be61/live/58be0900-4a34-11f1-a70d-c72ff4101914.jpg,Sport,Football,"[""football"", ""sport"", ""premier league"", ""soccer""]",2026-04-20T13:54:49,3,False,852
b2ea5887-1a73-4fc4-8c7b-72dec719a3ef,Stay at home advice questioned and rules too tough - key findings from Covid report,"An NHS close to collapse, patients failed and NHS staff put at risk - what you need to know.",https://www.bbc.com/news/articles/c87wg0lvnxjo?at_medium=RSS&at_campaign=rss,https://ichef.bbci.co.uk/ace/standard/240/cpsprodpb/51c0/live/d770dde0-23bf-11f1-934f-036468834728.jpg,News,Health,"[""health"", ""NHS"", ""medicine"", ""wellbeing""]",2026-04-20T15:35:00,4,False,495
d781f283-d06d-48d8-8278-a7578e6205b7,Why Norrie exit underlines how Britain is punching below weight,Britain is one of the richest tennis nations in the world but once again its singles players have not reached the second week at a Grand Slam.,https://www.bbc.com/sport/tennis/articles/c0kee020dk6o?at_medium=RSS&at_campaign=rss,https://ichef.bbci.co.uk/ace/standard/240/cpsprodpb/ac3d/live/6344ffa0-f84a-11f0-a468-83233a09c7a0.jpg,Sport,Tennis,"[""tennis"", ""sport"", ""wimbledon"", ""grand slam""]",2026-04-20T19:22:55,2,False,1129
254e929e-0a18-4959-b264-1f450417e944,Why Carrick may not be shoo-in for Man Utd job,"Manchester United have won the most points in the Premier League since caretaker boss Michael Carrick took over, but the stats still show concerns.",https://www.bbc.com/sport/football/articles/czd2nel67n4o?at_medium=RSS&at_campaign=rss,https://ichef.bbci.co.uk/ace/standard/240/cpsprodpb/c05d/live/7362d010-4a2f-11f1-91d3-69962f9a0625.jpg,Sport,Football,"[""football"", ""sport"", ""premier league"", ""soccer""]",2026-04-20T20:34:30,6,False,712
a21246d1-cb4d-4ef3-931a-c54091d58b3f,"Higgs boson breakthrough was UK triumph, but British physics faces 'catastrophic' cuts",Britain is preparing to cancel its contribution to one of the Large Hadron Collider's next major upgrades.,https://www.bbc.com/news/articles/czr0zmzzp84o?at_medium=RSS&at_campaign=rss,https://ichef.bbci.co.uk/ace/standard/240/cpsprodpb/627b/live/3600d2f0-2214-11f1-b297-95b0a0a8331e.jpg,Science,Environment,"[""science"", ""climate"", ""environment"", ""nature"", ""research""]",2026-04-20T21:38:34,2,False,1046
ff4f339a-cd40-4722-a84a-b457111304c9,Watch: Amateur beats Sinner in One Point Slam title win,"Watch amateur tennis player beat men's world number two Jannik Sinner and women's world number 117 Joanna Garland to earn A$1m (£496,835) in Australian Open's new Million Dollar One Point Slam.",https://www.bbc.com/sport/tennis/videos/cx20vdn7rdzo?at_medium=RSS&at_campaign=rss,https://ichef.bbci.co.uk/ace/standard/240/cpsprodpb/8d5a/live/f2754280-f164-11f0-b385-5f48925de19a.jpg,Sport,Tennis,"[""tennis"", ""sport"", ""wimbledon"", ""grand slam""]",2026-04-20T22:13:09,4,False,1090
06f57882-0b8e-4828-af43-60b45308403e,The 40 minutes when the Artemis crew loses contact with the Earth,As the astronauts pass behind the Moon they will experience a moment of silence and solitude as communication with the Earth is blocked.,https://www.bbc.com/news/articles/cj0vyzmmy50o?at_medium=RSS&at_campaign=rss,https://ichef.bbci.co.uk/ace/standard/240/cpsprodpb/62f7/live/d3a93f70-2fb0-11f1-9885-91ba338bedfd.jpg,Science,Environment,"[""science"", ""climate"", ""environment"", ""nature"", ""research""]",2026-04-20T22:27:07,5,False,966
19ce6569-4c97-480d-a380-0fc7e2004719,Doku scored 'really top goals' in 'really good game' - Guardiola,"Manchester City manager Pep Guardiola says Jeremy Doku scored two ""really, really top goals"" in their six-goal thriller against Everton, as they lose ground on Arsenal in the Premier League title race.",https://www.bbc.com/sport/football/videos/cvgz9kyrx74o?at_medium=RSS&at_campaign=rss,https://ichef.bbci.co.uk/ace/standard/240/cpsprodpb/f50a/live/9f654f60-4801-11f1-b55d-0f258dce1735.jpg,Sport,Football,"[""football"", ""sport"", ""premier league"", ""soccer""]",2026-04-21T07:18:22,7,False,597
9447747b-c5b0-4a36-bf3d-11f4b94fb320,"Starmer under pressure, as Labour faces heavy elections losses","Sir Keir Starmer says he takes responsibility as Labour reels from results across England, Scotland and Wales.",https://www.bbc.com/news/articles/cz62dwe30wdo?at_medium=RSS&at_campaign=rss,https://ichef.bbci.co.uk/ace/standard/240/cpsprodpb/eeb0/live/4c463660-4ab2-11f1-abbe-696bdf3a3d1b.jpg,News,UK Politics,"[""politics"", ""UK"", ""government"", ""policy""]",2026-04-21T07:22:34,7,False,364
31e9e8fb-a68c-47d2-8f6b-483cf85df273,Thompson-Herah sets Glasgow defending titles target,"Five-time Olympic champion Elaine Thompson-Herah aims to have ""fun"" after confirming she will defend her Commonwealth 100m and 200m titles at Glasgow 2026.",https://www.bbc.com/sport/athletics/articles/cm2p038r80po?at_medium=RSS&at_campaign=rss,https://ichef.bbci.co.uk/ace/standard/240/cpsprodpb/b6cd/live/321b84f0-455f-11f1-bd52-e755d604ece4.jpg,Sport,Athletics,"[""athletics"", ""sport"", ""running"", ""olympics""]",2026-04-21T07:43:05,4,False,295
2771bda3-908d-432c-8968-1f2af0eb7bbf,Up to 150 former WHSmith high street stores to close,"The stores were purchased by Modella Capital last year, and then rebranded under the name TGJones.",https://www.bbc.com/news/articles/clypzvqzqd7o?at_medium=RSS&at_campaign=rss,https://ichef.bbci.co.uk/ace/standard/240/cpsprodpb/257a/live/919ac350-4956-11f1-91ca-0f2f4e61b132.jpg,Business,Economy,"[""business"", ""economy"", ""finance"", ""markets"", ""companies""]",2026-04-21T08:19:29,3,False,401
c83273f9-0f21-4368-bc12-37eab77e46f6,Government wins legacy case at UK Supreme Court,Judges in London ruled parts of the 2023 Legacy Act did not lead to victims' rights being diminished.,https://www.bbc.com/news/articles/cn7pv5gj4xxo?at_medium=RSS&at_campaign=rss,https://ichef.bbci.co.uk/ace/standard/240/cpsprodpb/58e7/live/2b50f630-9594-11f0-9cf6-cbf3e73ce2b9.jpg,News,UK Politics,"[""politics"", ""UK"", ""government"", ""policy""]",2026-04-21T11:31:13,4,False,1078
81b430f9-dd6c-45c7-82ae-20ce0b928adb,Is this actually what Anne Boleyn looked like?,An algorithm has suggested images of what were thought to be Anne Boleyn might not be.,https://www.bbc.com/news/videos/c3d2e581k7do?at_medium=RSS&at_campaign=rss,https://ichef.bbci.co.uk/ace/standard/240/cpsprodpb/1e87/live/9a3df7e0-4562-11f1-b55d-0f258dce1735.jpg,Science,Environment,"[""science"", ""climate"", ""environment"", ""nature"", ""research""]",2026-04-21T12:23:43,7,False,1067
77fb4155-e833-4793-b70b-deec8e229875,Inmate said Watkins attack would 'make me famous',Rashid Gedel is accused of murdering Lostprophets singer Ian Watkins at HMP Wakefield in October.,https://www.bbc.com/news/articles/cvgzpz30ppzo?at_medium=RSS&at_campaign=rss,https://ichef.bbci.co.uk/ace/standard/240/cpsprodpb/dd93/live/cff02cb0-a6c4-11f0-92db-77261a15b9d2.jpg,News,UK Politics,"[""politics"", ""UK"", ""government"", ""policy""]",2026-04-21T14:35:00,5,False,598
9ff705e8-9bae-4e71-ac72-7cd79bd8acc0,Rybakina beats Muchova in Stuttgart final,World number two Elena Rybakina beats Karolina Muchova in straight sets to clinch victory at the indoor clay-court tournament in Stuttgart.,https://www.bbc.com/sport/tennis/articles/ckg0exdkv09o?at_medium=RSS&at_campaign=rss,https://ichef.bbci.co.uk/ace/standard/240/cpsprodpb/f35a/live/a14e0560-3bf4-11f1-879d-1b2f5c3919b8.jpg,Sport,Tennis,"[""tennis"", ""sport"", ""wimbledon"", ""grand slam""]",2026-04-21T14:39:40,7,False,355
ad2fa223-f6b4-495d-afdb-19d1b82b082b,Draper cruises to Davis Cup win on return from injury,Jack Draper cruises to an emphatic victory on his long-awaited return from injury to give Great Britain the lead over Norway in Davis Cup qualifying.,https://www.bbc.com/sport/tennis/videos/clyn7pd5jg7o?at_medium=RSS&at_campaign=rss,https://ichef.bbci.co.uk/ace/standard/240/cpsprodpb/da4a/live/447650d0-02ca-11f1-b7e1-afb6d0884c18.jpg,Sport,Tennis,"[""tennis"", ""sport"", ""wimbledon"", ""grand slam""]",2026-04-21T17:09:43,5,False,1071
c9c22843-4e6a-4fa0-98e7-55ab460cf24a,How to check whether you have bowel cancer,"What are the main symptoms and causes of bowel cancer, and how can you reduce your risk of getting it?",https://www.bbc.com/news/articles/c8egk985r80o?at_medium=RSS&at_campaign=rss,https://ichef.bbci.co.uk/ace/standard/240/cpsprodpb/cb34/live/6da2bd30-0825-11f1-b5e2-dd58fc65f0f6.jpg,News,Health,"[""health"", ""NHS"", ""medicine"", ""wellbeing""]",2026-04-21T17:26:21,2,False,550
6b6d5a98-6223-4f7f-9491-113c40c70480,"Captain, player, manager, Mister, number one - Davids at Barnet",BBC Sport remembers Edgar Davids' 15 months as Barnet player-manager in League Two and the Conference.,https://www.bbc.com/sport/football/articles/cx2045vgx4qo?at_medium=RSS&at_campaign=rss,https://ichef.bbci.co.uk/ace/standard/240/cpsprodpb/4cd4/live/a348ae60-8f15-11f0-9cf6-cbf3e73ce2b9.jpg,Sport,Football,"[""football"", ""sport"", ""premier league"", ""soccer""]",2026-04-21T18:00:16,7,False,910
f167c4ac-e785-4a87-8a5e-dd1346d7ffca,Women's tennis going in right direction - King,"Billie Jean King, founder of the WTA, believes the organisation's billion-dollar deal with Mercedes shows the tour ""continues to lead the way"" in women's sport.",https://www.bbc.com/sport/tennis/videos/cvg170lrpvdo?at_medium=RSS&at_campaign=rss,https://ichef.bbci.co.uk/ace/standard/240/cpsprodpb/1b2c/live/160543c0-d5eb-11f0-a892-01d657345866.jpg,Sport,Tennis,"[""tennis"", ""sport"", ""wimbledon"", ""grand slam""]",2026-04-21T19:54:35,2,False,1041
d7ddac88-4a24-4f4c-9195-a64376d25dcc,Ethiopian woman's joy at rare quintuplets after 12 years trying for a baby,"The woman, 35, says she was praying for a baby and was ""overjoyed"" to be ""blessed with five at once"".",https://www.bbc.com/news/articles/c893y34zlv0o?at_medium=RSS&at_campaign=rss,https://ichef.bbci.co.uk/ace/standard/240/cpsprodpb/901d/live/9a4ff710-4a35-11f1-a70d-c72ff4101914.jpg,News,World,"[""world"", ""international"", ""global""]",2026-04-21T21:30:28,4,False,968
2247122b-efd7-450a-b911-904196a16966,Morocco in spring: what no guidebook tells you,"April and May transform the country — the crowds thin, the heat is manageable, and the Atlas Mountains are still snow-capped.",https://www.bbc.com/travel/article/20240501-morocco-in-spring-what-no-guidebook-tells-you,,Travel,Long Haul,"[""travel"", ""morocco"", ""africa"", ""holiday""]",2026-04-21T22:50:32,3,False,807
e93981c4-d5da-4600-b079-c74563052cc3,Gulf economies face long-term hit from Iran conflict,Commentators say it will take years or even decades to repair the damage.,https://www.bbc.com/news/articles/c0k257g8jk5o?at_medium=RSS&at_campaign=rss,https://ichef.bbci.co.uk/ace/standard/240/cpsprodpb/581d/live/57a56570-4865-11f1-9db4-19df36ab272c.jpg,Business,Economy,"[""business"", ""economy"", ""finance"", ""markets"", ""companies""]",2026-04-22T07:28:06,2,False,717
8fdc0964-823f-42d7-a011-51fba1be5d54,GB win mixed 4x400m bronze as five teams make Worlds,"GB & NI's mixed 4x400m team win bronze at the World Athletics Relays, while four other GB teams also qualify automatically for the 2027 World Athletics Championships.",https://www.bbc.com/sport/athletics/articles/c332d61gyp6o?at_medium=RSS&at_campaign=rss,https://ichef.bbci.co.uk/ace/standard/240/cpsprodpb/a668/live/28fbb340-4717-11f1-973f-3fcb874893eb.jpg,Sport,Athletics,"[""athletics"", ""sport"", ""running"", ""olympics""]",2026-04-22T08:56:03,2,False,644
a3b0dfca-f0af-4ed3-8833-0cfaa505bf44,From farming village to Liverpool icon - the Salah story,"BBC Sport visits Egypt to discover what Mohamed Salah means to the people of the football-mad country, and how a small boy from humble beginnings became a national icon.",https://www.bbc.com/sport/football/articles/cx2xlk74llno?at_medium=RSS&at_campaign=rss,https://ichef.bbci.co.uk/ace/standard/240/cpsprodpb/ddb8/live/58b88ac0-783e-11f0-8071-1788c7e8ae0e.jpg,Sport,Football,"[""football"", ""sport"", ""premier league"", ""soccer""]",2026-04-22T09:29:23,4,False,718
ea4d24f6-da18-451a-abf2-0a1e6cd64df6,Rare white-tailed eagles draw crowds of watchers,Photographers travel across the country to catch a glimpse of the birds in Christchurch.,https://www.bbc.com/news/articles/cwy2g5xpwgpo?at_medium=RSS&at_campaign=rss,https://ichef.bbci.co.uk/ace/standard/240/cpsprodpb/6e37/live/37349300-495b-11f1-8771-e5d61459659d.jpg,Science,Environment,"[""science"", ""climate"", ""environment"", ""nature"", ""research""]",2026-04-22T13:52:28,3,False,715
4c88eda7-dc23-43d9-81d2-d1dba730a201,Why Portugal is Europe's most underrated destination,"Affordable, sun-soaked and bursting with culture, Portugal continues to surprise even the most well-travelled visitors.",https://www.bbc.com/travel/article/20240201-why-portugal-is-europes-most-underrated-destination,,Travel,Europe,"[""travel"", ""portugal"", ""europe"", ""holiday""]",2026-04-22T19:11:42,4,False,438
0dce8fcb-9721-40fb-a306-d6dab16f12e2,Defending champion Alcaraz to miss French Open,Two-time defending champion Carlos Alcaraz says he will miss next month's French Open with an ongoing wrist injury.,https://www.bbc.com/sport/tennis/articles/c15de9d91jwo?at_medium=RSS&at_campaign=rss,https://ichef.bbci.co.uk/ace/standard/240/cpsprodpb/7dd8/live/72433610-3ff9-11f1-afbb-e15d65961cef.jpg,Sport,Tennis,"[""tennis"", ""sport"", ""wimbledon"", ""grand slam""]",2026-04-22T20:04:57,2,False,1170
364abd0f-48c9-48e4-adf7-4d6afdcc19d0,Boulter loses to Pegula as GB out of BJK Cup,"Watch the best shots, as the United States' Jessica Pegula fights back from a set down to beat Katie Boulter and knock Great Britain out of the Billie Jean King Cup at the semi-final stage.",https://www.bbc.com/sport/tennis/videos/cly66lrp8veo?at_medium=RSS&at_campaign=rss,https://ichef.bbci.co.uk/ace/standard/240/cpsprodpb/e642/live/988d7ac0-9634-11f0-90f2-5f87cb020b24.jpg,Sport,Tennis,"[""tennis"", ""sport"", ""wimbledon"", ""grand slam""]",2026-04-23T06:38:59,4,False,609
e266455d-ad18-4cb7-a525-dedd02c0341f,Election results at a glance – and what's still to come,Reform UK has made gains at the expense of Labour and the Conservatives in early council election results overnight.,https://www.bbc.com/news/articles/cvgz155y9exo?at_medium=RSS&at_campaign=rss,https://ichef.bbci.co.uk/ace/standard/240/cpsprodpb/ed9e/live/cfd596a0-4a95-11f1-ac78-2112837ce2aa.jpg,News,UK Politics,"[""politics"", ""UK"", ""government"", ""policy""]",2026-04-23T08:32:41,4,False,500
de17cdbf-8060-480b-9847-ba23b9f3aa9f,What are the ICC pitch ratings and how does the system work?,BBC Sport's Ask Me Anything team explains pitch ratings after the Melbourne Ashes pitch was rated 'unsatisfactory' by ICC.,https://www.bbc.com/sport/cricket/articles/cvg1gnd9zmyo?at_medium=RSS&at_campaign=rss,https://ichef.bbci.co.uk/ace/standard/240/cpsprodpb/6cc0/live/adacbbf0-e4a9-11f0-aae2-2191c0e48a3b.jpg,Sport,Cricket,"[""cricket"", ""sport"", ""ashes"", ""test match""]",2026-04-23T09:42:55,3,False,902
84b37e08-c45f-4a80-9fcf-566725cbdb9b,Bird flu vaccine trial against potential pandemic strain begins,"The jab targets the H5N1 flu strain which has caused devastating infections in bird populations worldwide, but has yet to spread between humans.",https://www.bbc.com/news/articles/cy41z0yj8mjo?at_medium=RSS&at_campaign=rss,https://ichef.bbci.co.uk/ace/standard/240/cpsprodpb/9e51/live/21b43310-3da2-11f1-b377-d7765ac78768.jpg,News,Health,"[""health"", ""NHS"", ""medicine"", ""wellbeing""]",2026-04-23T10:59:18,2,False,863
3550feb5-f7ca-4097-8e13-5e2e12b6c451,How worried should we be about hantavirus?,Some passengers potentially exposed to hantavirus have already taken flights to numerous countries.,https://www.bbc.com/news/articles/c98r199e195o?at_medium=RSS&at_campaign=rss,https://ichef.bbci.co.uk/ace/standard/240/cpsprodpb/b327/live/76b6ee00-4a38-11f1-b55d-0f258dce1735.jpg,News,World,"[""world"", ""international"", ""global""]",2026-04-23T11:00:26,3,False,921
da091f78-f038-443a-979f-883ee0d68ba0,White House calls Mark Hamill 'sick' after actor's Trump grave post,"The Star Wars actor apologised and deleted the post, which contained an AI image of the president in a shallow grave.",https://www.bbc.com/news/articles/c4g723pkgllo?at_medium=RSS&at_campaign=rss,https://ichef.bbci.co.uk/ace/standard/240/cpsprodpb/07f2/live/87c50000-4aca-11f1-9a78-91accbab2de0.jpg,News,World,"[""world"", ""international"", ""global""]",2026-04-23T11:12:13,3,False,971
ecf14b55-4edf-4243-9eae-b278ca040a59,Delhi Capitals v Kolkata Knight Riders - IPL scorecard,Latest scorecard from the Indian Premier League match between Delhi Capitals and Kolkata Knight Riders in Delhi.,https://www.bbc.co.uk/sport/cricket/scorecard/e-237315?at_medium=RSS&at_campaign=rss,https://ichef.bbci.co.uk/ace/standard/240/cpsprodpb/987a/live/adc1f980-4781-11f1-bd52-e755d604ece4.png,Sport,Cricket,"[""cricket"", ""sport"", ""ashes"", ""test match""]",2026-04-23T13:30:01,5,False,886
1890533c-d7e1-49ab-a540-80d237432b52,Napoli 'smell blood' & target Premier League's discarded stars,"After Scott McTominay was a hit, Napoli went back to the Premier League for Kevin de Bruyne, could more players follow them to Serie A?",https://www.bbc.com/sport/football/articles/cy5w4qzygzlo?at_medium=RSS&at_campaign=rss,https://ichef.bbci.co.uk/ace/standard/240/cpsprodpb/9def/live/849eea80-4b66-11f0-9a0b-27ba8ae87ef8.jpg,Sport,Football,"[""football"", ""sport"", ""premier league"", ""soccer""]",2026-04-23T14:37:24,4,False,1019
9e98357f-c7dd-4c39-bbbf-ac3484b2f404,Tech Now,How research linking climate change and extreme weather events is being used in lawsuits.,https://www.bbc.co.uk/iplayer/episode/m002tkdv?at_medium=RSS&at_campaign=rss,https://ichef.bbci.co.uk/images/ic/240x135/p0n987mt.jpg,Technology,Tech & AI,"[""technology"", ""AI"", ""internet"", ""innovation"", ""data""]",2026-04-23T15:48:47,3,False,529
626a2725-e0c2-44d9-9a3d-03facc772603,Injured Alcaraz & Djokovic pull out of Madrid Open,Carlos Alcaraz and Novak Djokovic pull out of next week's Madrid Open as their clay-court preparations for next month's French Open continue to be disrupted by injury.,https://www.bbc.com/sport/tennis/articles/cqj81rzp1dwo?at_medium=RSS&at_campaign=rss,https://ichef.bbci.co.uk/ace/standard/240/cpsprodpb/f530/live/9df623c0-3a73-11f1-a972-552682926a9b.png,Sport,Tennis,"[""tennis"", ""sport"", ""wimbledon"", ""grand slam""]",2026-04-23T16:24:38,4,False,1048
a4cefab1-7490-4c06-960e-9396164cdd40,Wait to name England selector 'ridiculous' - Vaughan,"Former captain Michael Vaughan says it is ""ridiculous"" England are yet to appoint their new national selector.",https://www.bbc.com/sport/cricket/articles/ckgp1v749z2o?at_medium=RSS&at_campaign=rss,https://ichef.bbci.co.uk/ace/standard/240/cpsprodpb/a362/live/333f02c0-4943-11f1-ac78-2112837ce2aa.jpg,Sport,Cricket,"[""cricket"", ""sport"", ""ashes"", ""test match""]",2026-04-23T17:13:28,6,False,556
408ae0d1-c26a-4507-b2b3-c6085ed93b94,"Cages, crushes and stabbings - is European away safety getting worse?",BBC Sport explores the safety issues fans face when following their team across Europe.,https://www.bbc.com/sport/football/articles/c2lg7kkqe11o?at_medium=RSS&at_campaign=rss,https://ichef.bbci.co.uk/ace/standard/240/cpsprodpb/a4cc/live/fd0162d0-fcfc-11f0-b7e1-afb6d0884c18.jpg,Sport,Football,"[""football"", ""sport"", ""premier league"", ""soccer""]",2026-04-23T18:54:51,3,False,521
d7eb5cea-bd79-4d99-88e6-4d563abce690,Arfield not throwing name in for Livingston job,Interim player-manager Scott Arfield does not intend to apply for the Livingston job and says getting grey hair may put him off the role altogether.,https://www.bbc.com/sport/football/articles/cq5pwwxw3ngo?at_medium=RSS&at_campaign=rss,https://ichef.bbci.co.uk/ace/standard/240/cpsprodpb/9782/live/2ff07840-4ae9-11f1-b8d1-0fcd60d6dd09.jpg,Sport,Football,"[""football"", ""sport"", ""premier league"", ""soccer""]",2026-04-23T20:02:37,2,False,770
85341eb0-c3bd-43cd-bade-fb00da498f27,Artemis II crew: 'We left as friends - we came back as best friends',"The four crew members gave their first press conference since they splashed down nearly a week ago, and emphasised hope and unity.",https://www.bbc.com/news/articles/ce8jpz9rx2yo?at_medium=RSS&at_campaign=rss,https://ichef.bbci.co.uk/ace/standard/240/cpsprodpb/a5c8/live/87baadb0-39dd-11f1-8606-05fe34b06e1b.png,Science,Environment,"[""science"", ""climate"", ""environment"", ""nature"", ""research""]",2026-04-23T22:54:07,7,False,688
5d27e47d-377f-41c3-b5b9-ffa79b34c25c,$19bn order boosts Belfast Airbus factory,"Malaysian airline Air Asia places an order for 120 Airbus A220s, the wings of which are made in Belfast.",https://www.bbc.com/news/articles/c7597dnele2o?at_medium=RSS&at_campaign=rss,https://ichef.bbci.co.uk/ace/standard/240/cpsprodpb/13aa/live/968e3cc0-4988-11f1-b55d-0f258dce1735.jpg,Business,Economy,"[""business"", ""economy"", ""finance"", ""markets"", ""companies""]",2026-04-24T07:22:32,5,False,659
4d083718-ffdb-4d49-bad6-91b15552ee06,Apple to pay up to $95 to some US iPhone buyers over AI lawsuit,Claims from last year said the tech firm’s advertising of Apple Intelligence fooled iPhone buyers.,https://www.bbc.com/news/articles/c0j2nydnzy7o?at_medium=RSS&at_campaign=rss,https://ichef.bbci.co.uk/ace/standard/240/cpsprodpb/4139/live/e64eeb80-4927-11f1-ac78-2112837ce2aa.jpg,Business,Economy,"[""business"", ""economy"", ""finance"", ""markets"", ""companies""]",2026-04-24T07:28:58,7,False,780
6f816d1f-7687-476d-9fad-8f4eba28eaa3,Portugal and Italy will not suspend digital border checks for Brits,"Reports had suggested the countries were set to follow the example of Greece, which effectively suspended biometric checks for UK nationals.",https://www.bbc.com/news/articles/c78k9ke78ljo?at_medium=RSS&at_campaign=rss,https://ichef.bbci.co.uk/ace/standard/240/cpsprodpb/da7c/live/5ad49550-4a26-11f1-b55d-0f258dce1735.jpg,Business,Economy,"[""business"", ""economy"", ""finance"", ""markets"", ""companies""]",2026-04-24T08:11:49,3,False,400
51f93d35-e988-4645-8824-721ed121c8b8,The £5.30 orange juice that tells the story of why supermarket prices are sky high,"Butter, chocolate, coffee and milk have all seen prices rocket. Tracing back through the story of one particular supermarket staple begins to explain why",https://www.bbc.com/news/articles/c397n3jl3z8o?at_medium=RSS&at_campaign=rss,https://ichef.bbci.co.uk/ace/standard/240/cpsprodpb/c624/live/674f7590-ab41-11f0-ba75-093eca1ac29b.jpg,Business,Economy,"[""business"", ""economy"", ""finance"", ""markets"", ""companies""]",2026-04-24T08:19:35,2,False,980
cffcc6fe-68bf-4edc-adf8-2c9299b7cdac,China announces suspended death sentences for former defence ministers,The announcement follows recent ousting of several top officials in China's military.,https://www.bbc.com/news/articles/clypjx383j2o?at_medium=RSS&at_campaign=rss,https://ichef.bbci.co.uk/ace/standard/240/cpsprodpb/92e4/live/bd58af30-49ff-11f1-a9e7-0f8f590f205b.jpg,News,World,"[""world"", ""international"", ""global""]",2026-04-24T13:49:33,6,False,474
4fdf726e-4df8-458b-8f4a-10a80f3f0262,'I jumped around the house': Sabastian Sawe's parents celebrate marathon record,Emily and Simion Sawe share their pride at the runner's historic sub-two-hour marathon win.,https://www.bbc.com/news/videos/cn0pl57xlppo?at_medium=RSS&at_campaign=rss,https://ichef.bbci.co.uk/ace/standard/240/cpsprodpb/000c/live/00b3bf80-42e5-11f1-b55d-0f258dce1735.jpg,Sport,Athletics,"[""athletics"", ""sport"", ""running"", ""olympics""]",2026-04-24T15:02:14,7,False,1192
8f240c52-f2b1-47d5-94b9-528f73d231b5,"COP30: Trump and many leaders are skipping it, so does the summit still have a point?","The US president is notably absent from these UN climate talks, as are other world leaders, all of which prompts questions about the purpose of COP today.",https://www.bbc.com/news/articles/c205jvyg3wjo?at_medium=RSS&at_campaign=rss,https://ichef.bbci.co.uk/ace/standard/240/cpsprodpb/cdc6/live/3570dfa0-bbe5-11f0-ae46-bd64331f0fd4.jpg,Science,Environment,"[""science"", ""climate"", ""environment"", ""nature"", ""research""]",2026-04-24T15:27:00,2,False,569
156b2e1e-8fef-477d-9165-b98a91711c4d,'Closest I've felt' - Hodgkinson on breaking longest-standing world record,"Olympic champion Keely Hodgkinson says she feels ""closer than ever"" to breaking the women's 800m outdoor record - the longest-standing world record in athletics.",https://www.bbc.com/sport/athletics/articles/c0j5459ndv1o?at_medium=RSS&at_campaign=rss,https://ichef.bbci.co.uk/ace/standard/240/cpsprodpb/8af4/live/5ebfeeb0-109e-11f1-9120-a910fc22c6ac.jpg,Sport,Athletics,"[""athletics"", ""sport"", ""running"", ""olympics""]",2026-04-24T16:14:21,5,False,941
05fb7533-1c59-4159-bf1a-37aee2a979ad,That's for you Rory! - Alcaraz toasts win with golf celebration,"Carlos Alcaraz beats Joao Fonseca in the Men's singles at the Miami Open, and celebrates with a golf swing in front on the spectating Rory McIllroy.",https://www.bbc.com/sport/tennis/videos/clyd2qep04zo?at_medium=RSS&at_campaign=rss,https://ichef.bbci.co.uk/ace/standard/240/cpsprodpb/72f9/live/d5247a90-2538-11f1-b297-95b0a0a8331e.jpg,Sport,Tennis,"[""tennis"", ""sport"", ""wimbledon"", ""grand slam""]",2026-04-24T16:42:16,4,False,1051
08fd01b1-1af4-4c0a-9866-c4496954126d,Robots move in as waste firms struggle to find staff,Humanoid robots are being added to the automation of waste sorting.,https://www.bbc.com/news/articles/cvg0w84q1wyo?at_medium=RSS&at_campaign=rss,https://ichef.bbci.co.uk/ace/standard/240/cpsprodpb/dc3f/live/5e7df0a0-3e25-11f1-8ba5-cfdd8d3337ac.jpg,Business,Economy,"[""business"", ""economy"", ""finance"", ""markets"", ""companies""]",2026-04-24T16:45:05,3,False,1070
2362fa4f-afa0-4832-bcba-33e6df152f93,Beatles 'code of conduct' brought in for tourists,The code is designed to protect the privacy of residents living near popular Fab Four landmarks.,https://www.bbc.com/news/articles/c87q1vj91pzo?at_medium=RSS&at_campaign=rss,https://ichef.bbci.co.uk/ace/standard/240/cpsprodpb/9c3a/live/d67d7a70-4a51-11f1-ac76-69efd0e705cd.jpg,News,UK Politics,"[""politics"", ""UK"", ""government"", ""policy""]",2026-04-24T18:21:01,5,False,475
f94908dc-0185-4ce3-b059-1db39d6bb5a5,Fresh cuts and feel-good favourites: The Marathon Mix With Clara Amfo,Clara Amfo brings you her ultimate playlist as she prepares for the London Marathon.,https://www.bbc.co.uk/sounds/play/p0nf3ty0?at_medium=RSS&at_campaign=rss,https://ichef.bbci.co.uk/images/ic/240x135/p0nf3wsr.jpg,Sport,Athletics,"[""athletics"", ""sport"", ""running"", ""olympics""]",2026-04-24T18:45:40,3,False,880
e1ef2657-6bd3-4a5b-867e-edf13ab6f887,Chris Mason: What the early results tell us so far,"So far, we have a chunk of the results around the parts of England that have had contests and no results yet from Scotland or Wales.",https://www.bbc.com/news/articles/cvgz8d556zpo?at_medium=RSS&at_campaign=rss,https://ichef.bbci.co.uk/ace/standard/240/cpsprodpb/ad91/live/e53ca2f0-4aad-11f1-bd52-e755d604ece4.jpg,News,UK Politics,"[""politics"", ""UK"", ""government"", ""policy""]",2026-04-24T19:42:23,2,False,1009
09cde349-1f52-44dd-a5a1-aa37143ac194,When football turned to penalties to end 'cruel' system,No-one knew what to expect at football's first official penalty shootout - and no-one wanted to go down in history as the first to miss.,https://www.bbc.com/sport/football/articles/cr71enxvrd3o?at_medium=RSS&at_campaign=rss,https://ichef.bbci.co.uk/ace/standard/240/cpsprodpb/6f4e/live/4dd6e3e0-2905-11f1-8d7b-c7ea0e92917e.jpg,Sport,Football,"[""football"", ""sport"", ""premier league"", ""soccer""]",2026-04-24T20:04:09,3,False,935
d3d3e7af-ceaf-4cf9-af81-2de4bd245695,Shell latest oil giant to see profits surge due to Iran war impact,The energy giant's profits jump by nearly a quarter as it benefits from the recent volatility in the oil price,https://www.bbc.com/news/articles/ce3p0x54drwo?at_medium=RSS&at_campaign=rss,https://ichef.bbci.co.uk/ace/standard/240/cpsprodpb/d823/live/94684120-49d8-11f1-9acb-332348f2c41f.jpg,Business,Economy,"[""business"", ""economy"", ""finance"", ""markets"", ""companies""]",2026-04-24T20:43:59,2,False,716
be5e5254-3072-4abe-8c26-a9a0952eb962,Next to hike prices by up to 8% outside Europe due to Iran war costs,"No extra price rises are slated for the UK, which saw better than expected sales in the first quarter.",https://www.bbc.com/news/articles/cjrp8e0rjpeo?at_medium=RSS&at_campaign=rss,https://ichef.bbci.co.uk/ace/standard/240/cpsprodpb/9a3b/live/b391b740-d49d-11ef-a70a-7188cb9abb89.jpg,Business,Economy,"[""business"", ""economy"", ""finance"", ""markets"", ""companies""]",2026-04-25T08:41:55,2,False,1047
b73f259b-9161-4d0a-8edd-cf4f494f6385,"Happy tennis, serious name - the making of Carlos Alcaraz","Before Carlos Alcaraz became the youngest man to complete the career Grand Slam, he was simply Carlitos from Murcia. This is his story.",https://www.bbc.com/sport/tennis/articles/c4gvy382jg9o?at_medium=RSS&at_campaign=rss,https://ichef.bbci.co.uk/ace/standard/240/cpsprodpb/5739/live/4dca2f20-ff83-11f0-9972-d3f265c101c6.jpg,Sport,Tennis,"[""tennis"", ""sport"", ""wimbledon"", ""grand slam""]",2026-04-25T09:47:47,3,False,523
4b35de7c-9c40-4072-9012-5c5f19391050,Battling Norrie beats Machac to advance in Madrid,"Briton Cameron Norrie says his gritty victory over Tomas Machac to reach the Madrid Open third round was ""one of the favourite matches"" of his career.",https://www.bbc.com/sport/tennis/articles/cn08dy9n3d1o?at_medium=RSS&at_campaign=rss,https://ichef.bbci.co.uk/ace/standard/240/cpsprodpb/77a0/live/e3c97a10-401c-11f1-9293-852e61b4f7c8.jpg,Sport,Tennis,"[""tennis"", ""sport"", ""wimbledon"", ""grand slam""]",2026-04-25T10:04:08,7,False,505
b7438591-29ab-49fd-a25a-835561db8e3f,'Month of worry' over doctor strike surgery delay,The strike further delays Tom Lawson's gastric bypass surgery after a more than three-year wait.,https://www.bbc.com/news/articles/crr1e1lgj7qo?at_medium=RSS&at_campaign=rss,https://ichef.bbci.co.uk/ace/standard/240/cpsprodpb/8ba4/live/60a6aa40-3333-11f1-8873-2d60fc58e0b0.jpg,News,Health,"[""health"", ""NHS"", ""medicine"", ""wellbeing""]",2026-04-25T10:31:59,5,False,1085
3720260f-ceca-4608-980e-d5a7c3d3369d,"Manchester born and bred, but moving to Israel","Richard Manville has lived in the UK all his life, but now he's leaving for Israel because he says the antisemitism here is intolerable.",https://www.bbc.com/news/videos/c3d2exme3ddo?at_medium=RSS&at_campaign=rss,https://ichef.bbci.co.uk/ace/standard/240/cpsprodpb/f3d9/live/f12a5c00-4563-11f1-b55d-0f258dce1735.jpg,News,UK Politics,"[""politics"", ""UK"", ""government"", ""policy""]",2026-04-25T13:44:30,2,False,639
8b996f43-3a12-4c2c-817a-5c0654b8693e,Hantavirus: WHO chief says public health risk is low,"The origin of the outbreak is still unknown, with the World Health Organisation saying investigations are ""still under way"".",https://www.bbc.com/news/videos/c4g0908drwpo?at_medium=RSS&at_campaign=rss,https://ichef.bbci.co.uk/ace/standard/240/cpsprodpb/5f66/live/7eb9b800-4a22-11f1-ac78-2112837ce2aa.jpg,News,Health,"[""health"", ""NHS"", ""medicine"", ""wellbeing""]",2026-04-25T14:49:50,3,False,802
5e125ff3-9eaa-454a-a09b-af9b89d61688,English clubs reach all three European finals for first time,English teams have reached the finals of three different European competitions in the same season for the first time.,https://www.bbc.com/sport/football/articles/c5yr4vle9w2o?at_medium=RSS&at_campaign=rss,https://ichef.bbci.co.uk/ace/standard/240/cpsprodpb/ddb1/live/016a1000-4a60-11f1-b55d-0f258dce1735.png,Sport,Football,"[""football"", ""sport"", ""premier league"", ""soccer""]",2026-04-25T15:14:47,5,False,728
f10c183e-dfa6-41d2-b6da-e8b7856c0c35,The Interview,Rebecca Morelle speaks to astronaut Jeremy Hansen ahead of the Artemis II Moon mission.,https://www.bbc.co.uk/sounds/play/w3ct98jx?at_medium=RSS&at_campaign=rss,https://ichef.bbci.co.uk/images/ic/240x135/p0n9y769.jpg,Science,Environment,"[""science"", ""climate"", ""environment"", ""nature"", ""research""]",2026-04-25T15:15:19,4,False,1035
46ec0d1a-4c95-4d91-82f9-b781148a6618,£20m mystery gift buys London Zoo new hospital where you can watch vets work,Visitors will be able to watch live veterinary procedures inside a state-of-the-art new animal hospital.,https://www.bbc.com/news/articles/cpqpj7wy4x4o?at_medium=RSS&at_campaign=rss,https://ichef.bbci.co.uk/ace/standard/240/cpsprodpb/7db5/live/847cb040-431e-11f1-ac78-2112837ce2aa.jpg,Science,Environment,"[""science"", ""climate"", ""environment"", ""nature"", ""research""]",2026-04-25T15:49:24,3,False,1110
09c42dfd-3713-42bc-915e-ca5322f13d05,Villa's Staniforth 'at ease' with decision to retire,Aston Villa midfielder and former England international Lucy Staniforth did not hesitate when she made the decision to retire from football at the end of the season.,https://www.bbc.com/sport/football/articles/cp3pw8v0qzno?at_medium=RSS&at_campaign=rss,https://ichef.bbci.co.uk/ace/standard/240/cpsprodpb/f3e9/live/8dd92770-4956-11f1-91ca-0f2f4e61b132.jpg,Sport,Football,"[""football"", ""sport"", ""premier league"", ""soccer""]",2026-04-25T16:51:07,6,False,785
07f02572-7b5b-4c07-af77-8071af7b8ce0,The great number nine decline - where have England's strikers gone?,BBC Sport takes an in-depth look at why England lack centre-forward options behind Harry Kane - a far cry from when the likes of Les Ferdinand only won 17 caps.,https://www.bbc.com/sport/football/articles/cx2018n9dx5o?at_medium=RSS&at_campaign=rss,https://ichef.bbci.co.uk/ace/standard/240/cpsprodpb/65d1/live/84f5a710-bf17-11f0-ae46-bd64331f0fd4.jpg,Sport,Football,"[""football"", ""sport"", ""premier league"", ""soccer""]",2026-04-25T17:05:50,5,False,384
67bdd8d7-6c7a-41c3-aad9-34a7caf6dcd9,Robinson in contact with England as he eyes Test recall,Bowler Ollie Robinson confirms he has been in contact with both England head coach Brendon McCullum and managing director Rob Key as he eyes a recall to the Test side.,https://www.bbc.com/sport/cricket/articles/cpqpld7wjdyo?at_medium=RSS&at_campaign=rss,https://ichef.bbci.co.uk/ace/standard/240/cpsprodpb/7e39/live/9d71bdc0-47f6-11f1-b23e-e596ae21fbd4.jpg,Sport,Cricket,"[""cricket"", ""sport"", ""ashes"", ""test match""]",2026-04-25T17:06:43,3,False,520
21dc6952-0644-4605-b8df-483d9859d59e,NHS cancer jab could save patients hours in hospital,Thousands of patients will be offered a new injectable form of an immunotherapy drug that takes minutes.,https://www.bbc.com/news/articles/cx214vld41ko?at_medium=RSS&at_campaign=rss,https://ichef.bbci.co.uk/ace/standard/240/cpsprodpb/afd2/live/a296b0b0-44b5-11f1-b55d-0f258dce1735.jpg,News,Health,"[""health"", ""NHS"", ""medicine"", ""wellbeing""]",2026-04-25T18:17:32,7,False,682
6b4f5e6a-e127-4c7f-8560-8add91a4ce4e,How Keely 2.0 dominated 800m field for first world indoor title,Keely Hodgkinson captures her first world indoor title in commanding fashion as she claims 800m gold with a championship record in Poland.,https://www.bbc.com/sport/athletics/articles/cpd5q0580dpo?at_medium=RSS&at_campaign=rss,https://ichef.bbci.co.uk/ace/standard/240/cpsprodpb/6615/live/9780a3d0-262d-11f1-b297-95b0a0a8331e.jpg,Sport,Athletics,"[""athletics"", ""sport"", ""running"", ""olympics""]",2026-04-25T18:33:05,7,False,579
aa94442a-c96e-49be-9e66-0b7db25d98e2,Mary Rand - the trailblazing Olympic champion,"Mary Rand, the first British woman to win athletics gold at the Olympics, was described as ""Marilyn Monroe on spikes"".",https://www.bbc.com/sport/athletics/articles/crr1dz940v9o?at_medium=RSS&at_campaign=rss,https://ichef.bbci.co.uk/ace/standard/240/cpsprodpb/1ddc/live/8c91e740-2a92-11f1-88af-dbfe759b0548.jpg,Sport,Athletics,"[""athletics"", ""sport"", ""running"", ""olympics""]",2026-04-25T18:55:19,5,False,702
2e73d912-6070-402a-8776-2188e43acf8a,Major train operator to be renationalised in months,"GWR, which runs trains between London and South Wales, will come under government control.",https://www.bbc.com/news/articles/cy02yyl1e7xo?at_medium=RSS&at_campaign=rss,https://ichef.bbci.co.uk/ace/standard/240/cpsprodpb/3292/live/06366080-4ae1-11f1-8c8d-458160734f59.jpg,News,UK Politics,"[""politics"", ""UK"", ""government"", ""policy""]",2026-04-25T19:52:31,7,False,354
fb51aea6-861d-4f8a-8e89-c27aeb87265c,How old is the oldest runner? Take our London Marathon quiz,"Can you beat our London Marathon quiz, or will you be limping to the finish?",https://www.bbc.com/sport/athletics/articles/cm2k5gndrleo?at_medium=RSS&at_campaign=rss,https://ichef.bbci.co.uk/ace/standard/240/cpsprodpb/9914/live/791f8c20-40cd-11f1-ac78-2112837ce2aa.jpg,Sport,Athletics,"[""athletics"", ""sport"", ""running"", ""olympics""]",2026-04-25T20:58:04,5,False,943
001ce4e8-bce7-4442-be47-b628b07210e4,'Only so much' voters can worry about - are attitudes to net zero changing?,Recent studies show a decline in the public's sense of urgency around reaching net zero.,https://www.bbc.com/news/articles/c62d4p807lro?at_medium=RSS&at_campaign=rss,https://ichef.bbci.co.uk/ace/standard/240/cpsprodpb/4448/live/f16b6b80-43d5-11f1-bf3e-3d07e81b01ce.jpg,Science,Environment,"[""science"", ""climate"", ""environment"", ""nature"", ""research""]",2026-04-25T21:44:53,3,False,1109
99113c66-6eea-4c17-92ac-1055bfa6da16,BBC Inside Science,Creating and manufacturing a novel vaccine capable of combatting bird flu.,https://www.bbc.co.uk/sounds/play/w3ct977h?at_medium=RSS&at_campaign=rss,https://ichef.bbci.co.uk/images/ic/240x135/p0m1ww2j.jpg,Science,Environment,"[""science"", ""climate"", ""environment"", ""nature"", ""research""]",2026-04-26T06:57:05,3,False,734
c540911a-1a96-4211-aa05-272e324777b2,What is vegan collagen?,What's the latest on Collagen?,https://www.bbc.com/news/videos/cge057x1n3vo?at_medium=RSS&at_campaign=rss,https://ichef.bbci.co.uk/ace/standard/240/cpsprodpb/79d6/live/7b23ccb0-328c-11f1-b297-95b0a0a8331e.jpg,News,Health,"[""health"", ""NHS"", ""medicine"", ""wellbeing""]",2026-04-26T07:13:17,6,False,1190
88182039-5d30-4635-a895-e8ddcb6d3a5d,Gauff beats Cirstea in Madrid despite stomach virus,Coco Gauff battles sickness as she comes from a set and a break down to beat Sorana Cirstea and reach the last 16 of the Madrid Open.,https://www.bbc.com/sport/tennis/articles/cgk0km8yjm0o?at_medium=RSS&at_campaign=rss,https://ichef.bbci.co.uk/ace/standard/240/cpsprodpb/6db5/live/af4e92d0-4174-11f1-bfbc-178a5f8f3b92.jpg,Sport,Tennis,"[""tennis"", ""sport"", ""wimbledon"", ""grand slam""]",2026-04-26T08:20:38,4,False,465
42b55277-82d3-44e5-9068-11a6905e1032,Podcast: Utilita Bowl at 25,Kevan James reflects on 25 years of Hampshire Cricket's Utilita Bowl.,https://www.bbc.co.uk/sounds/play/p0nhshjx?at_medium=RSS&at_campaign=rss,https://ichef.bbci.co.uk/images/ic/240x135/p0nhsjgr.jpg,Sport,Cricket,"[""cricket"", ""sport"", ""ashes"", ""test match""]",2026-04-26T12:41:40,6,False,465
a28fb561-ad73-4640-92e1-73fa0f141758,Sabalenka confident 'Battle of the Sexes' won't damage women's sport,"BBC Sport speaks to Aryna Sabalenka and Nick Kyrgios about their controversial Battle of the Sexes-style match, set to take place in Dubai on 28 December.",https://www.bbc.com/sport/tennis/videos/cm28l1m133vo?at_medium=RSS&at_campaign=rss,https://ichef.bbci.co.uk/ace/standard/240/cpsprodpb/995c/live/10596740-d5ef-11f0-9fb5-5f3a3703a365.jpg,Sport,Tennis,"[""tennis"", ""sport"", ""wimbledon"", ""grand slam""]",2026-04-26T14:36:14,4,False,535
9201f160-3e44-4b87-afad-5c03df96eac7,Sir John Curtice: Why Labour's Brexit focus has shifted from Leavers to Remainers,Will the pursuit of a closer relationship with the EU risk courting electoral disaster by alienating Brexit-backing voters?,https://www.bbc.com/news/articles/c4gjn1d74jlo?at_medium=RSS&at_campaign=rss,https://ichef.bbci.co.uk/ace/standard/240/cpsprodpb/802e/live/0cf142f0-2444-11f1-934f-036468834728.jpg,Business,Economy,"[""business"", ""economy"", ""finance"", ""markets"", ""companies""]",2026-04-26T16:52:08,4,False,593
8d93eb58-8739-4085-9026-76e30de55077,Who has won tennis' 'Battle of the Sexes'?,BBC Sport's Ask Me Anything team details the history of 'Battle of the Sexes' matches in tennis,https://www.bbc.com/sport/tennis/articles/c147zlnxejyo?at_medium=RSS&at_campaign=rss,https://ichef.bbci.co.uk/ace/standard/240/cpsprodpb/e61c/live/ec3154a0-b955-11f0-aa13-0b0479f6f42a.jpg,Sport,Tennis,"[""tennis"", ""sport"", ""wimbledon"", ""grand slam""]",2026-04-26T17:00:11,2,False,368
de7b0a3f-06c9-4e95-be3d-fa333e73faae,How to see the Eta Aquariid meteor shower,How to see the Eta Aquariid meteor shower,https://www.bbc.com/news/videos/c4g9p39wq91o?at_medium=RSS&at_campaign=rss,https://ichef.bbci.co.uk/ace/standard/240/cpsprodpb/9c23/live/690a15e0-4568-11f1-b55d-0f258dce1735.jpg,Science,Environment,"[""science"", ""climate"", ""environment"", ""nature"", ""research""]",2026-04-26T19:03:25,5,False,534
ab29ca46-5ad6-47eb-b20c-364c891d4b08,What death doulas can teach us about dying,Death doulas or soul midwives have increased in popularity in recent years. What do they do?,https://www.bbc.com/news/articles/cp9vp0ld1leo?at_medium=RSS&at_campaign=rss,https://ichef.bbci.co.uk/ace/standard/240/cpsprodpb/27ff/live/edf82250-4578-11f1-bd52-e755d604ece4.jpg,News,Health,"[""health"", ""NHS"", ""medicine"", ""wellbeing""]",2026-04-26T21:28:05,6,False,315
bfae467b-eb7c-4c51-b4a3-646bf0f2f592,Researchers look into island's health benefits,The team aims to find out what it is about the Isle of Wight that makes people feel better.,https://www.bbc.com/news/articles/c5yvpr21mnno?at_medium=RSS&at_campaign=rss,https://ichef.bbci.co.uk/ace/standard/240/cpsprodpb/58fa/live/7bf481d0-329a-11f1-8cba-9df81803c83c.jpg,News,Health,"[""health"", ""NHS"", ""medicine"", ""wellbeing""]",2026-04-26T21:40:28,3,False,802
e3b1a37a-9838-4cf3-9ed0-89026004fb1b,Beard inquest delayed over Burnley 'bullying' concerns,"The inquest into the death of former Women's Super League football manager Matt Beard is delayed over concerns raised by his family about alleged ""bullying"".",https://www.bbc.com/sport/football/articles/c2021n1w8wjo?at_medium=RSS&at_campaign=rss,https://ichef.bbci.co.uk/ace/standard/240/cpsprodpb/b33d/live/5db78120-494e-11f1-bd44-e578c5bd51ff.jpg,Sport,Football,"[""football"", ""sport"", ""premier league"", ""soccer""]",2026-04-26T21:51:18,7,False,847
56c5e0cb-7b3c-42c2-bc21-b083286ca398,Real Madrid in crisis - inside the conflict and chaos at the Bernabeu,BBC Sport examines a torrid week for Real Madrid with the iconic club on the brink of a second successive trophyless season.,https://www.bbc.com/sport/football/articles/c3r28w34l0wo?at_medium=RSS&at_campaign=rss,https://ichef.bbci.co.uk/ace/standard/240/cpsprodpb/d4ea/live/2881fca0-4acb-11f1-9a78-91accbab2de0.jpg,Sport,Football,"[""football"", ""sport"", ""premier league"", ""soccer""]",2026-04-26T21:55:09,4,False,698
2bd54a92-2fde-4d6d-b84c-e45e85b34e98,Remembering 2012 - why Sunderland away means more to Man Utd than normal,Remembering how Sunderland fans laughed at visitors Manchester United in 2012 when Sergio Aguero's goal snatched the Premier League title away from them.,https://www.bbc.com/sport/football/articles/cvgze4l1nqvo?at_medium=RSS&at_campaign=rss,https://ichef.bbci.co.uk/ace/standard/240/cpsprodpb/25bf/live/dbd2b800-4a38-11f1-a70d-c72ff4101914.jpg,Sport,Football,"[""football"", ""sport"", ""premier league"", ""soccer""]",2026-04-27T07:39:04,7,False,691
bc0b185d-fbcd-4465-9f8e-cc5319ab87c8,The 'dumb machine' promising a clean energy breakthrough,"A stellarator is difficult to build, but could it be the best way to make fusion energy work?",https://www.bbc.com/news/articles/c5yvm11xrn6o?at_medium=RSS&at_campaign=rss,https://ichef.bbci.co.uk/ace/standard/240/cpsprodpb/3cdc/live/60502c90-2c32-11f1-a79a-77e93010d956.jpg,Business,Economy,"[""business"", ""economy"", ""finance"", ""markets"", ""companies""]",2026-04-27T07:50:40,3,False,1011
069904a5-82c7-4a20-b01d-83a423c2b865,'Untouchable' Hug wins London Marathon men's wheelchair race,Switzerland's Marcel Hug wins the elite men's wheelchair race at the 2026 London Marathon to secure his sixth consecutive victory in the capital and eighth overall.,https://www.bbc.com/sport/athletics/videos/cwy3yg7ppe1o?at_medium=RSS&at_campaign=rss,https://ichef.bbci.co.uk/ace/standard/240/cpsprodpb/4919/live/5a59bbf0-4152-11f1-b55d-0f258dce1735.jpg,Sport,Athletics,"[""athletics"", ""sport"", ""running"", ""olympics""]",2026-04-27T09:00:31,4,False,932
0dbd700e-bbac-4f29-a7dc-d6fb0ba5700b,Bears recall Hannon-Dalby early from Pears loan,Olly Hannon-Dalby is recalled by Warwickshire early from his loan spell with Worcestershire and is named in the Bears squad to face Yorkshire.,https://www.bbc.com/sport/cricket/articles/cwy2gkv29k8o?at_medium=RSS&at_campaign=rss,https://ichef.bbci.co.uk/ace/standard/240/cpsprodpb/84da/live/2568bcb0-4a31-11f1-a70d-c72ff4101914.jpg,Sport,Cricket,"[""cricket"", ""sport"", ""ashes"", ""test match""]",2026-04-27T09:53:31,7,False,791
c1b5040f-83b7-4c20-888d-f23ad729dc4c,How sunburn inspired a new way to store energy,Molecules that can capture heat could be a useful technology to decarbonise heating.,https://www.bbc.com/news/articles/c62l9gnx775o?at_medium=RSS&at_campaign=rss,https://ichef.bbci.co.uk/ace/standard/240/cpsprodpb/8ebd/live/fd224ab0-3d5a-11f1-9d5c-8ba507d7dbde.jpg,Business,Economy,"[""business"", ""economy"", ""finance"", ""markets"", ""companies""]",2026-04-27T11:38:09,3,False,938
4f068cf5-e4a3-4d47-b9b2-547263302a16,Who is Kumanjayi Little Baby and why has her death caused outrage in Australia?,"The BBC's Katy Watson explains the case, the cultural sensitivities and why it has caused so much anger.",https://www.bbc.com/news/videos/czr2n44pknxo?at_medium=RSS&at_campaign=rss,https://ichef.bbci.co.uk/ace/standard/240/cpsprodpb/1dc6/live/03030fe0-49fa-11f1-a9e7-0f8f590f205b.jpg,News,World,"[""world"", ""international"", ""global""]",2026-04-27T12:27:07,7,False,848
0833a12a-872b-47ca-8329-cf131a1164ce,Sinner beats Alcaraz to return to world top spot,Jannik Sinner is back to world number one after beating Carlos Alcaraz in the final in Monte Carlo.,https://www.bbc.com/sport/tennis/articles/c8dl5qge2r8o?at_medium=RSS&at_campaign=rss,https://ichef.bbci.co.uk/ace/standard/240/cpsprodpb/f6a9/live/aaf12aa0-3688-11f1-991f-79d0d362bba2.jpg,Sport,Tennis,"[""tennis"", ""sport"", ""wimbledon"", ""grand slam""]",2026-04-27T12:27:28,3,False,1069
09c0b810-c19e-4439-a854-5a40adee45bf,Butterfly numbers are dropping but here are five species you may see more of,"A warming climate has helped some to flourish, researchers say, but the outlook is troubling.",https://www.bbc.com/news/articles/c75kk7p41npo?at_medium=RSS&at_campaign=rss,https://ichef.bbci.co.uk/ace/standard/240/cpsprodpb/5f05/live/e36ddbe0-3821-11f1-87a9-4117efae0ff4.jpg,Science,Environment,"[""science"", ""climate"", ""environment"", ""nature"", ""research""]",2026-04-27T15:05:48,3,False,1137
fb7699d5-faa6-4e15-8a1c-0d665b8a1680,"Martha's Rule helplines get more than 1,700 calls from worried NHS staff",The scheme encourages staff and families to seek an urgent second opinion if they fear a patient's condition is worsening.,https://www.bbc.com/news/articles/c4g9drqn2l3o?at_medium=RSS&at_campaign=rss,https://ichef.bbci.co.uk/ace/standard/240/cpsprodpb/e5a3/live/38c2ec60-4543-11f1-be1a-bdd45fc37339.jpg,News,Health,"[""health"", ""NHS"", ""medicine"", ""wellbeing""]",2026-04-27T16:38:16,6,False,729
9ca86858-9fe7-4167-83b4-2330fda8771d,'I wouldn't pay it' - Trump on USA ticket price,"US President Donald Trump says he ""wouldn't pay it either"" when asked about the potential ticket price to watch his country play Paraguay in their 2026 World Cup opener.",https://www.bbc.com/sport/football/articles/cdxpq70grzlo?at_medium=RSS&at_campaign=rss,https://ichef.bbci.co.uk/ace/standard/240/cpsprodpb/08ee/live/9204fa20-4a43-11f1-987f-67d7398c79db.jpg,News,World,"[""world"", ""international"", ""global""]",2026-04-27T18:28:58,7,False,582
aba64fc4-4270-4698-a030-5ff649ed9527,Doctors' strikes can have surprising benefits - but are they sustainable?,"Some hospital trusts tell the BBC previous action has seen shorter waits, faster decisions and calmer corridors.",https://www.bbc.com/news/articles/cp3l2pygnlyo?at_medium=RSS&at_campaign=rss,https://ichef.bbci.co.uk/ace/standard/240/cpsprodpb/5e71/live/33e4db60-374a-11f1-8a34-6b2c37f4bef9.jpg,News,Health,"[""health"", ""NHS"", ""medicine"", ""wellbeing""]",2026-04-27T19:05:14,6,False,330
2dc6c27a-6c4f-4a48-a47c-2148b993102e,How special Sawe broke iconic sub-two-hour barrier,Kenya's Sabastian Sawe on becoming the first person to break the two-hour barrier for the marathon.,https://www.bbc.com/sport/athletics/articles/cp383n09030o?at_medium=RSS&at_campaign=rss,https://ichef.bbci.co.uk/ace/standard/240/cpsprodpb/f6ae/live/7d387a00-4231-11f1-8502-4993a1291976.jpg,Sport,Athletics,"[""athletics"", ""sport"", ""running"", ""olympics""]",2026-04-27T20:26:17,6,False,953
751e01a0-b59b-4052-812d-60a4504c4884,Anaemia and the new dementia link,Anaemia and the new dementia link,https://www.bbc.com/videos/cm2pnrj7xe8o?at_medium=RSS&at_campaign=rss,https://ichef.bbci.co.uk/ace/standard/240/cpsprodpb/9579/live/e2317a80-4a18-11f1-ac78-2112837ce2aa.png,News,Health,"[""health"", ""NHS"", ""medicine"", ""wellbeing""]",2026-04-27T22:17:52,3,False,980
909a04d8-276b-4d47-bddf-7c6ad1ee40fa,Astronaut takes photo of his university from orbit,Jack Hathaway tells Cranfield University he had to wait for a break in the British weather.,https://www.bbc.com/news/articles/cq6j3e0v8rgo?at_medium=RSS&at_campaign=rss,https://ichef.bbci.co.uk/ace/standard/240/cpsprodpb/bfc0/live/5a8f0590-3e59-11f1-8887-e93160959470.jpg,Science,Environment,"[""science"", ""climate"", ""environment"", ""nature"", ""research""]",2026-04-28T09:53:45,6,False,303
03504e8d-98ae-48e9-b27d-3207a824a249,Worldwide race to trace passengers from hantavirus-hit cruise ship,"About 12 countries have so far been linked to the hantavirus outbreak on the MV Hondius, as the UN health agency confirms at least five cases.",https://www.bbc.com/news/articles/clyp1505p84o?at_medium=RSS&at_campaign=rss,https://ichef.bbci.co.uk/ace/standard/240/cpsprodpb/da4f/live/28d9a370-4ad4-11f1-941e-d3689d7c57f6.jpg,News,World,"[""world"", ""international"", ""global""]",2026-04-28T12:20:07,4,False,841
870fc69d-b8e0-4a64-8590-c0ec1df298da,Hedge fund founder hits back at Mamdani's 'creepy' wealth tax video,"Ken Griffin said Mamdani's video, filmed outside his apartment, raised safety concerns.",https://www.bbc.com/news/articles/c9wepldnl7po?at_medium=RSS&at_campaign=rss,https://ichef.bbci.co.uk/ace/standard/240/cpsprodpb/e89e/live/0e0e9c90-4961-11f1-8cde-350b393d70a2.jpg,Business,Economy,"[""business"", ""economy"", ""finance"", ""markets"", ""companies""]",2026-04-28T12:20:38,5,False,301
f7d89f3e-e004-4f74-befb-8332909f4898,Wada investigation finds 300 Russian doping cases,"More than 300 sanctions have been handed to Russian athletes following the seizure of Moscow laboratory data in 2019, the World Anti-Doping Agency says.",https://www.bbc.com/sport/articles/cx21k881djlo?at_medium=RSS&at_campaign=rss,https://ichef.bbci.co.uk/ace/standard/240/cpsprodpb/4a0d/live/9b98ac50-44a6-11f1-9b4f-919a6264e39f.jpg,Sport,Athletics,"[""athletics"", ""sport"", ""running"", ""olympics""]",2026-04-28T14:28:42,7,False,696
b035c24c-e5bf-4adf-89ca-e83a0104101c,'We had people come just to see it': Amazon delivers its first UK parcels by drone,The unmanned aircraft can drop off 100 parcels a day within a 12km radius of Amazon's hub.,https://www.bbc.com/news/articles/cx21k21vnmgo?at_medium=RSS&at_campaign=rss,https://ichef.bbci.co.uk/ace/standard/240/cpsprodpb/fff0/live/3de903e0-496d-11f1-8ac1-2336fddb3c06.jpg,Business,Economy,"[""business"", ""economy"", ""finance"", ""markets"", ""companies""]",2026-04-28T16:09:28,7,False,839
d660406b-b783-4452-b194-4e2152c5eedd,How are the Scottish Premiership post-split fixtures decided?,"The Scottish Premiership split has again been a controversial talking point, so why does it exist and why is it so complicated?",https://www.bbc.com/sport/football/articles/cd0r4mvgglno?at_medium=RSS&at_campaign=rss,https://ichef.bbci.co.uk/ace/standard/240/cpsprodpb/9efc/live/baf7e5a0-3373-11f1-9d5c-8ba507d7dbde.jpg,Sport,Football,"[""football"", ""sport"", ""premier league"", ""soccer""]",2026-04-28T17:14:40,2,False,843
e245ff23-e031-4c0e-94ad-4b999f41e295,All your FPL stats and Premier League team news in one place,Every key bit of Premier League team news and the most important Fantasy Premier League statistics - all in one place.,https://www.bbc.com/sport/articles/c142jdl11dlo?at_medium=RSS&at_campaign=rss,https://ichef.bbci.co.uk/ace/standard/240/cpsprodpb/9f21/live/e7231920-9917-11f0-af62-91486a511a31.jpg,Sport,Football,"[""football"", ""sport"", ""premier league"", ""soccer""]",2026-04-28T18:20:40,5,False,444
3fce21f2-281a-4897-bd59-b7b0c01ffb3b,GB's Azu loses world title as Anthony takes gold in 60m indoor final,"Great Britain's Jeremiah Azu failed to successfully defend his world indoor 60m title, as he finishes fourth in the final with America's Jordan Anthony winning gold at the World Athletics Indoor Championships in Poland.",https://www.bbc.com/sport/athletics/videos/c0j6p32vz02o?at_medium=RSS&at_campaign=rss,https://ichef.bbci.co.uk/ace/standard/240/cpsprodpb/d5cd/live/af3bdfa0-24a0-11f1-b297-95b0a0a8331e.jpg,Sport,Athletics,"[""athletics"", ""sport"", ""running"", ""olympics""]",2026-04-28T19:18:07,6,False,558
af1f6f71-c070-4505-844d-4fc2bb91fa42,Asher-Smith breaks British record to reach 60m final,"GB's Amy Hunt narrowly misses out on qualifying alongside Dina Asher-Smith, who broke the national record, for the final of the women's 60m at the World Indoor Athletics Championships in Poland.",https://www.bbc.com/sport/athletics/videos/cm2k91e1l4ro?at_medium=RSS&at_campaign=rss,https://ichef.bbci.co.uk/ace/standard/240/cpsprodpb/7841/live/b2f171b0-255d-11f1-b297-95b0a0a8331e.jpg,Sport,Athletics,"[""athletics"", ""sport"", ""running"", ""olympics""]",2026-04-28T20:53:44,4,False,465
a66c3d7c-c980-47a2-a7a3-6b29c1a53f38,"Adriano, Samba, R.Larcos - ranking the most iconic video game footballers","Fifa, Pro Evolution Soccer and Football Manager have been among the most popular football video games - but who are the most iconic players from them?",https://www.bbc.com/sport/football/articles/c78k1lv7d5no?at_medium=RSS&at_campaign=rss,https://ichef.bbci.co.uk/ace/standard/240/cpsprodpb/642f/live/c0a19bc0-4856-11f1-9f77-67f59396e19a.jpg,Sport,Football,"[""football"", ""sport"", ""premier league"", ""soccer""]",2026-04-28T21:06:15,5,False,252
8536f4dc-6158-43f6-89f5-6444ea31f80e,International cyber attack disrupts swathe of universities and schools,"A hacking group breached the academic software Canvas, used by thousands of schools and universities across the globe.",https://www.bbc.com/news/articles/ce3pq0136eqo?at_medium=RSS&at_campaign=rss,https://ichef.bbci.co.uk/ace/standard/240/cpsprodpb/7c9d/live/c19e8dd0-4ad1-11f1-92c1-4f69e4cb55db.jpg,News,World,"[""world"", ""international"", ""global""]",2026-04-28T21:17:46,2,False,296
16f154c1-16e6-4903-9af8-08b98891986d,UK's biggest ever environmental pollution claim reaches High Court,One of the UK's largest chicken producers and a water company accused of polluting three rivers including the River Wye,https://www.bbc.com/news/articles/cqxl5rjw58po?at_medium=RSS&at_campaign=rss,https://ichef.bbci.co.uk/ace/standard/240/cpsprodpb/4e75/live/a4f7bc10-3fdc-11f1-9365-9d68a044e038.jpg,Science,Environment,"[""science"", ""climate"", ""environment"", ""nature"", ""research""]",2026-04-28T22:33:26,5,False,1191
c6fd3773-77b0-4f45-8fd9-faeba2a6cf2a,Meet the 19-metre octopus that prowled the ancient seas,"Giant octopuses may have ruled the oceans 100 million years ago, according to fossil evidence.",https://www.bbc.com/news/articles/cyv1rgm16r2o?at_medium=RSS&at_campaign=rss,https://ichef.bbci.co.uk/ace/standard/240/cpsprodpb/4dc5/live/3f63f340-3f29-11f1-844f-4784438e41b5.jpg,Science,Environment,"[""science"", ""climate"", ""environment"", ""nature"", ""research""]",2026-04-29T07:41:30,5,False,856
db666964-41c6-4860-bccd-fe7d257b0ced,Campaigners call for ban on use of weedkiller glyphosate at harvest time,Campaigners are calling for a ban on the use of the weedkiller over health concerns.,https://www.bbc.com/news/articles/cvgz420ee0zo?at_medium=RSS&at_campaign=rss,https://ichef.bbci.co.uk/ace/standard/240/cpsprodpb/c998/live/1d79ceb0-491c-11f1-a089-fb6c1058395c.jpg,Business,Economy,"[""business"", ""economy"", ""finance"", ""markets"", ""companies""]",2026-04-29T08:39:38,5,False,474
f1fda1a1-1ab5-4285-87d9-a008d0089b04,US great Felix targets LA Olympics in comeback,"Allyson Felix, the most decorated woman in Olympic athletics history with 11 medals, says she is planning a comeback at the age of 40.",https://www.bbc.com/sport/olympics/articles/c78q5dx61v5o?at_medium=RSS&at_campaign=rss,https://ichef.bbci.co.uk/ace/standard/240/cpsprodpb/0996/live/90661270-4288-11f1-a471-c10dae172fed.jpg,Sport,Athletics,"[""athletics"", ""sport"", ""running"", ""olympics""]",2026-04-29T09:18:43,3,False,622
b14484d1-b088-49b6-95fc-551bff95d9cd,Why Premier League title is Arsenal's to lose after Man City slip,"Mark Chapman, Charlie Adam, Shay Given and Rory Smith discuss Manchester City’s 3-3 draw at Everton, focusing on how dropped points could impact their Premier League title challenge.",https://www.bbc.com/sport/football/videos/cgep7rl0qp8o?at_medium=RSS&at_campaign=rss,https://ichef.bbci.co.uk/ace/standard/240/cpsprodpb/63c5/live/e6d77fb0-4867-11f1-ac78-2112837ce2aa.jpg,Sport,Football,"[""football"", ""sport"", ""premier league"", ""soccer""]",2026-04-29T09:28:10,7,False,919
7d098b28-d129-4d98-89b8-fb2e09a093fd,Pornhub to become accessible again for some UK users,UK iPhone users who have completed Apple's device-based age checks will no longer be blocked from the site's adult content.,https://www.bbc.com/news/articles/cwy27q05gj2o?at_medium=RSS&at_campaign=rss,https://ichef.bbci.co.uk/ace/standard/240/cpsprodpb/8092/live/ed945930-4872-11f1-b010-8f8612d9ae2e.jpg,Technology,Tech & AI,"[""technology"", ""AI"", ""internet"", ""innovation"", ""data""]",2026-04-29T09:32:49,5,False,256
d639368a-59a6-43e7-8f0c-cf64b7a71a11,South Africa president faces call to resign after court ruling,The Constitutional Court says MPs were was wrong to block impeachment proceedings against Cyril Ramaphosa.,https://www.bbc.com/news/articles/cy4287vpvl7o?at_medium=RSS&at_campaign=rss,https://ichef.bbci.co.uk/ace/standard/240/cpsprodpb/34d2/live/739e82a0-4ab5-11f1-bd52-e755d604ece4.jpg,News,World,"[""world"", ""international"", ""global""]",2026-04-29T09:53:12,4,False,331
51b770fe-1014-4088-97fb-bb22db0875f5,Robot wars - what an operation in Ukraine tells us about the battlefield of the near future,"After Ukraine's President Zelensky said territory had been captured using just robots and drones, what is the future of unmanned warfare?",https://www.bbc.com/news/articles/c9d35v126vyo?at_medium=RSS&at_campaign=rss,https://ichef.bbci.co.uk/ace/standard/240/cpsprodpb/ab9e/live/ba2baae0-493e-11f1-861c-270dbba6d6ae.png,Technology,Tech & AI,"[""technology"", ""AI"", ""internet"", ""innovation"", ""data""]",2026-04-29T10:09:04,5,False,648
3982ba91-f489-457e-88ad-2fc3fe787711,From blast off to splashdown: My days following Nasa's historic mission to the Moon,BBC Science Editor Rebecca Morelle reflects on how it felt to watch history being made.,https://www.bbc.com/news/articles/clyrdkxvmmpo?at_medium=RSS&at_campaign=rss,https://ichef.bbci.co.uk/ace/standard/240/cpsprodpb/1adb/live/db819500-35a3-11f1-bfb7-dfacb91b9fa4.jpg,Science,Environment,"[""science"", ""climate"", ""environment"", ""nature"", ""research""]",2026-04-29T10:35:46,6,False,473
a9506652-a226-4a63-9985-0d9a6fcf5839,How does Scottish Premiership split work?,The Scottish Premiership title race has been a hot topic all season and it's about to become even more interesting with the league's split.,https://www.bbc.com/sport/football/articles/c80mernj7dyo?at_medium=RSS&at_campaign=rss,https://ichef.bbci.co.uk/ace/standard/240/cpsprodpb/71f6/live/146d0110-2159-11f1-b297-95b0a0a8331e.png,Sport,Football,"[""football"", ""sport"", ""premier league"", ""soccer""]",2026-04-29T12:39:16,7,False,805
13bbc98a-492e-4404-a33c-b9bc260735ac,Tenerife resident calls docking of hantavirus ship 'reckless',People on Tenerife in the Canary Islands have told the BBC they are concerned about the arrival of MV Hondius.,https://www.bbc.com/news/videos/c4g8pexx029o?at_medium=RSS&at_campaign=rss,https://ichef.bbci.co.uk/ace/standard/240/cpsprodpb/340e/live/97db3510-4a0a-11f1-ac78-2112837ce2aa.jpg,News,World,"[""world"", ""international"", ""global""]",2026-04-29T13:41:09,5,False,1169
631f5b9b-d4e0-4898-875a-3924640ee149,Inside Health,James Gallagher finds out how a hot flush feels - and delves into a new treatment.,https://www.bbc.co.uk/sounds/play/m002tbkd?at_medium=RSS&at_campaign=rss,https://ichef.bbci.co.uk/images/ic/240x135/p0m1r8h6.jpg,News,Health,"[""health"", ""NHS"", ""medicine"", ""wellbeing""]",2026-04-29T14:26:53,6,False,1034
7231506a-3231-4739-bf8c-ce06e7151441,Boulter win puts GB into BJK Cup semi-finals,"Watch the best shots, as Katie Boulter's win over Moyuka Uchijima sees Great Britain secure a 2-0 win over Japan, setting up a Billie Jean King Cup semi-final with the United States.",https://www.bbc.com/sport/tennis/videos/crmev9rglepo?at_medium=RSS&at_campaign=rss,https://ichef.bbci.co.uk/ace/standard/240/cpsprodpb/d023/live/d31465e0-9496-11f0-84c8-99de564f0440.jpg,Sport,Tennis,"[""tennis"", ""sport"", ""wimbledon"", ""grand slam""]",2026-04-29T14:44:48,5,False,945
54ea311a-30e9-4697-83e4-aa91b6bbc04b,How a pivot to hair accessories led to business success,Jenny Lennick's colourful hair clips are sold across the US and around the world.,https://www.bbc.com/news/articles/c23992zv9rko?at_medium=RSS&at_campaign=rss,https://ichef.bbci.co.uk/ace/standard/240/cpsprodpb/23b1/live/acb55400-38a5-11f1-a963-91d9e730d487.jpg,Business,Economy,"[""business"", ""economy"", ""finance"", ""markets"", ""companies""]",2026-04-29T15:24:26,6,False,686
4da8ec36-1b49-4c5f-9956-9e925b2c5dec,Housing market 'fragile due to global unrest',Jersey estate agents say there is uncertainty in the market due to the impact of the conflict in the Middle East.,https://www.bbc.com/news/articles/c2k25pvnq03o?at_medium=RSS&at_campaign=rss,https://ichef.bbci.co.uk/ace/standard/240/cpsprodpb/4ffe/live/d0cb1330-4ae2-11f1-8c8d-458160734f59.jpg,Business,Economy,"[""business"", ""economy"", ""finance"", ""markets"", ""companies""]",2026-04-29T16:04:21,5,False,710
0199475f-0f2a-46e7-8c97-9bb48860b977,"Tailenders podcast: Tymal Mills, Fast Bowling and Franchises",Fast bowler Tymal Mills is our special guest,https://www.bbc.co.uk/sounds/play/p0nhtdvz?at_medium=RSS&at_campaign=rss,https://ichef.bbci.co.uk/images/ic/240x135/p0lygcpm.jpg,Sport,Cricket,"[""cricket"", ""sport"", ""ashes"", ""test match""]",2026-04-29T16:15:08,3,False,953
e80add46-d8ad-4389-9ce0-0c9e0f549223,Arteta pays tribute to Arsenal players & fans after 'incredible night',"Mikel Arteta says Arsenal ""created history together"" and praises the atmosphere and energy of the Emirates Stadium crowd, as Arsenal beat Atletico Madrid 2-1 on aggregate to reach their first Champions League final in 20 years.",https://www.bbc.com/sport/football/videos/cgrpnpzgde0o?at_medium=RSS&at_campaign=rss,https://ichef.bbci.co.uk/ace/standard/240/cpsprodpb/97b1/live/cf831a80-48cc-11f1-b55d-0f258dce1735.jpg,Sport,Football,"[""football"", ""sport"", ""premier league"", ""soccer""]",2026-04-29T16:55:06,6,False,493
38e6d18b-c7d6-422f-98c7-29414c18e6aa,US jobs data beats expectations for second month in a row,The solid figures came despite rising gas prices and economic uncertainty sparked by the Iran war.,https://www.bbc.com/news/articles/cx21664lp32o?at_medium=RSS&at_campaign=rss,https://ichef.bbci.co.uk/ace/standard/240/cpsprodpb/0c42/live/c5a8cda0-4ae0-11f1-8c8d-458160734f59.jpg,Business,Economy,"[""business"", ""economy"", ""finance"", ""markets"", ""companies""]",2026-04-29T17:22:46,7,False,898
464fda4e-2885-4e10-bc64-3522375b63ba,Celebrating David Attenborough's 100th birthday in the South,"As Sir David Attenborough turns 100 years old, here is how he helped nature in Hampshire and Dorset.",https://www.bbc.com/news/articles/cgjp5zqxv36o?at_medium=RSS&at_campaign=rss,https://ichef.bbci.co.uk/ace/standard/240/cpsprodpb/2f95/live/6d9a1860-4a15-11f1-a7ce-b934bcb15ff4.jpg,Science,Environment,"[""science"", ""climate"", ""environment"", ""nature"", ""research""]",2026-04-29T17:59:01,4,False,595
301c1339-ba1e-40ac-82be-78c111dc53e2,Fears of renewed Gaza war as Hamas disarmament talks stall,Israeli media reports suggest Israel is preparing to resume fighting because of the impasse in talks with Hamas.,https://www.bbc.com/news/articles/cd6p5l3n2q3o?at_medium=RSS&at_campaign=rss,https://ichef.bbci.co.uk/ace/standard/240/cpsprodpb/a2c4/live/8d288e50-4a15-11f1-a7ce-b934bcb15ff4.jpg,News,World,"[""world"", ""international"", ""global""]",2026-04-29T18:31:04,6,False,996
7249b54c-f3a9-4436-a997-e5ac5fe6e9ec,Motherwell peril awaits Hearts & Rangers' panic for second,Hearts could win a first top-flight title since 1960 on Wednesday - but there is plenty of football to be played before then. Here is what to expect in the Scottish Premiership.,https://www.bbc.com/sport/football/articles/c74d330yy3ko?at_medium=RSS&at_campaign=rss,https://ichef.bbci.co.uk/ace/standard/240/cpsprodpb/ef36/live/32b86e00-498d-11f1-9cba-7526402c46eb.jpg,Sport,Football,"[""football"", ""sport"", ""premier league"", ""soccer""]",2026-04-29T19:02:20,2,False,974
ea7355c3-495d-46e9-83f0-a09f2928e2e6,Why cheap power could matter more than clean power in the push for net zero,The question of how important making our electricity clean is to going green is coming under increasing scrutiny,https://www.bbc.com/news/articles/c86ey5n9vx9o?at_medium=RSS&at_campaign=rss,https://ichef.bbci.co.uk/ace/standard/240/cpsprodpb/ddfa/live/e5c83660-3970-11f1-879d-1b2f5c3919b8.jpg,Science,Environment,"[""science"", ""climate"", ""environment"", ""nature"", ""research""]",2026-04-29T20:04:07,7,False,985
4893acb9-2a5d-45c8-87cc-e10195f39f6f,Inside Health,James Gallagher examines the outbreak of bacterial meningitis in Kent.,https://www.bbc.co.uk/sounds/play/m002sn3q?at_medium=RSS&at_campaign=rss,https://ichef.bbci.co.uk/images/ic/240x135/p0m1r8h6.jpg,News,Health,"[""health"", ""NHS"", ""medicine"", ""wellbeing""]",2026-04-29T20:35:09,7,False,736
5f5dddab-9e27-4d5d-be5c-22626f7e6b30,History-making lucky loser Potapova into Madrid semis,Anastasia Potapova claims a thrilling win over Karolina Pliskova at the Madrid Open to become the first lucky loser to reach a WTA 1000 semi-final.,https://www.bbc.com/sport/tennis/articles/cy924e7qg05o?at_medium=RSS&at_campaign=rss,https://ichef.bbci.co.uk/ace/standard/240/cpsprodpb/4484/live/f9fdd710-43da-11f1-ac78-2112837ce2aa.jpg,Sport,Tennis,"[""tennis"", ""sport"", ""wimbledon"", ""grand slam""]",2026-04-29T22:19:29,6,False,401
76722091-6daa-4226-99ef-ca0933486c1c,A 17th Century 'supercomputer' once owned by Indian royalty sells for record in auction,The astrolabe - or astronomical computer - is possibly the largest in existence and had never been exhibited before.,https://www.bbc.com/news/articles/c8x7kw9lp8do?at_medium=RSS&at_campaign=rss,https://ichef.bbci.co.uk/ace/standard/240/cpsprodpb/a4f9/live/f53b6250-3e0e-11f1-b55d-0f258dce1735.jpg,Science,Environment,"[""science"", ""climate"", ""environment"", ""nature"", ""research""]",2026-04-29T22:23:15,5,False,508
c0d344f2-5ce2-406d-8986-e3a613777c2b,'Are we animals in the zoo?' - Top tennis players call for more privacy,"Jessica Pegula, Iga Swiatek and Novak Djokovic have all supported Coco Gauff's concerns over the use of cameras away from the court at the Australian Open, insisting more privacy is needed for all players competing.",https://www.bbc.com/sport/tennis/videos/cvg1zypy8p9o?at_medium=RSS&at_campaign=rss,https://ichef.bbci.co.uk/ace/standard/240/cpsprodpb/6032/live/6f0c8390-fc36-11f0-a422-4ba8a094a8fa.jpg,Sport,Tennis,"[""tennis"", ""sport"", ""wimbledon"", ""grand slam""]",2026-04-30T07:18:38,3,False,1086
655ef5f0-9d77-48e0-8f84-be37779cdeee,Five sets for women? More entertainment? - where does 'Glastonbury of tennis' go next?,"Once dubbed the 'Happy Slam' by Roger Federer, the innovative Australian Open has gone from strength to strength - but there have been signs of discontent.",https://www.bbc.com/sport/tennis/articles/cje1p28pv43o?at_medium=RSS&at_campaign=rss,https://ichef.bbci.co.uk/ace/standard/240/cpsprodpb/cae5/live/a980a130-0002-11f1-aaad-85164b61dfe5.jpg,Sport,Tennis,"[""tennis"", ""sport"", ""wimbledon"", ""grand slam""]",2026-04-30T08:05:27,7,False,1080
f241f86d-e073-4ac0-b3f8-dd6d4f5f954d,Hantavirus: Your questions answered,Lucy Woodham answers your questions on the outbreak of hantavirus on board a cruise ship,https://www.bbc.com/news/videos/cpqp23re7z2o?at_medium=RSS&at_campaign=rss,https://ichef.bbci.co.uk/ace/standard/240/cpsprodpb/14a1/live/fac2fcb0-4a39-11f1-ac78-2112837ce2aa.jpg,News,Health,"[""health"", ""NHS"", ""medicine"", ""wellbeing""]",2026-04-30T10:55:04,6,False,683
0339d65a-dfa3-4931-9a7f-97c75e83c098,Man City monitor Vinicius Jr - Friday's gossip,"Manchester City are keen on Real Madrid winger Vinicius Jr, Bayern Munich make contact with Newcastle United over Anthony Gordon, France forward Bradley Barcola could leave PSG in the summer, plus more.",https://www.bbc.com/sport/football/articles/clypnj1egn9o?at_medium=RSS&at_campaign=rss,https://ichef.bbci.co.uk/ace/standard/240/cpsprodpb/bb7f/live/eb50aa00-4a4f-11f1-bd52-e755d604ece4.png,Sport,Football,"[""football"", ""sport"", ""premier league"", ""soccer""]",2026-04-30T11:10:11,6,False,709
57cb17c6-e9e1-45bb-95f6-e0d7cae7dc76,TikTok scales back AI-generated video descriptions after absurd errors,"While only rolled out to some users, the feature's bizarre AI-generated descriptions were shared widely.",https://www.bbc.com/news/articles/c5yerd05n01o?at_medium=RSS&at_campaign=rss,https://ichef.bbci.co.uk/ace/standard/240/cpsprodpb/d9ff/live/60622bb0-4a33-11f1-a70d-c72ff4101914.jpg,Technology,Tech & AI,"[""technology"", ""AI"", ""internet"", ""innovation"", ""data""]",2026-04-30T11:13:21,7,False,406
5e0672d1-4424-45e8-9dc9-195ecebb88d9,The threat to summer holidays looming from jet fuel shortages,What impact might shortages have on our summer holidays - and what could be done about it?,https://www.bbc.com/news/articles/c86d9v28qxxo?at_medium=RSS&at_campaign=rss,https://ichef.bbci.co.uk/ace/standard/240/cpsprodpb/4ee8/live/64014b70-4551-11f1-ac78-2112837ce2aa.jpg,Business,Economy,"[""business"", ""economy"", ""finance"", ""markets"", ""companies""]",2026-04-30T15:41:44,7,False,494
2c705479-1703-4dd6-bc05-8a62cbe49f2f,What are the symptoms of meningitis and how is it spread?,"Two people have died following an ""unpredecented"" outbreak of meningitis in Kent.",https://www.bbc.com/news/articles/c7432klgyldo?at_medium=RSS&at_campaign=rss,https://ichef.bbci.co.uk/ace/standard/240/cpsprodpb/b66e/live/35af95b0-22c4-11f1-934f-036468834728.jpg,News,Health,"[""health"", ""NHS"", ""medicine"", ""wellbeing""]",2026-04-30T16:42:06,5,False,411
8e3ec8d6-c323-41ae-8ca5-513804fb12b0,Why is NI facing a growing threat from wildfires?,"Figures show that spring drought events are happening more often while there has been a sharp rise in ""fire weather"".",https://www.bbc.com/news/articles/c0729z88z37o?at_medium=RSS&at_campaign=rss,https://ichef.bbci.co.uk/ace/standard/240/cpsprodpb/5cfe/live/14bdde80-423a-11f1-9bbe-5bb4e7731ac9.jpg,Science,Environment,"[""science"", ""climate"", ""environment"", ""nature"", ""research""]",2026-04-30T16:50:09,7,False,291
53ec83d8-a75b-4b3e-8e3e-b6bdf1b5b22c,Tech Life,"A sleep apnoea wearable. Plus, tech to free up hospital beds and a breast health app.",https://www.bbc.co.uk/sounds/play/w3ct8jxt?at_medium=RSS&at_campaign=rss,https://ichef.bbci.co.uk/images/ic/240x135/p0njgdht.jpg,Technology,Tech & AI,"[""technology"", ""AI"", ""internet"", ""innovation"", ""data""]",2026-04-30T16:56:49,5,False,1123
113989e5-13c7-40ca-ab60-6b5214f54e80,Bears sign 'high-impact' Pakistan spinner Tariq,Warwickshire Bears sign Pakistan off-spinner Usman Tariq on a deal to cover this season's T20 Blast campaign.,https://www.bbc.com/sport/cricket/articles/cpdpx2wqj5do?at_medium=RSS&at_campaign=rss,https://ichef.bbci.co.uk/ace/standard/240/cpsprodpb/99de/live/484c5ec0-4889-11f1-bcab-efc229dd9518.jpg,Sport,Cricket,"[""cricket"", ""sport"", ""ashes"", ""test match""]",2026-04-30T17:34:57,2,False,1161
b24c498d-6c38-422f-b6ce-1d5a24fc0f81,Electronic line-calling in Madrid wrong - Rybakina,"Elena Rybakina says she does not ""trust"" the electronic line-calling system following a disputed decision in her win against Zheng Qinwen at the Madrid Open.",https://www.bbc.com/sport/tennis/articles/ceded45yjvpo?at_medium=RSS&at_campaign=rss,https://ichef.bbci.co.uk/ace/standard/240/cpsprodpb/d33e/live/bde11eb0-4220-11f1-827d-0530974dfb93.jpg,Sport,Tennis,"[""tennis"", ""sport"", ""wimbledon"", ""grand slam""]",2026-04-30T18:27:43,2,False,565
0d26b7c5-b282-4ae7-af73-e43956203d5a,Has Rodri absence cost Man City? Or is his importance overstated?,Rodri's injury coincided with Manchester City's damaging draw at Everton - but there evidence suggests his importance is overplayed.,https://www.bbc.com/sport/football/articles/cj3pev7y2kzo?at_medium=RSS&at_campaign=rss,https://ichef.bbci.co.uk/ace/standard/240/cpsprodpb/1fd9/live/dd6a5bc0-4937-11f1-a36a-6bbcbd5b2296.jpg,Sport,Football,"[""football"", ""sport"", ""premier league"", ""soccer""]",2026-04-30T18:29:59,3,False,315
7a80ea25-f4e1-4299-bef0-412ca84da897,When does snoring become a problem?,When should we worry that our snoring might be the sign of a larger problem?,https://www.bbc.com/news/videos/c74rk7l1z3wo?at_medium=RSS&at_campaign=rss,https://ichef.bbci.co.uk/ace/standard/240/cpsprodpb/e80e/live/55181d30-4a0d-11f1-ac78-2112837ce2aa.jpg,News,Health,"[""health"", ""NHS"", ""medicine"", ""wellbeing""]",2026-04-30T19:21:59,7,False,956
0e4b640e-dcbd-4f7c-8a85-f351ca4950ee,Sinner wins in Madrid to set Masters title record,"Jannik Sinner becomes the first man to win five consecutive Masters 1,000 titles after beating Alexander Zverev in straight sets to win the Madrid Open.",https://www.bbc.com/sport/tennis/articles/c78k11e85zgo?at_medium=RSS&at_campaign=rss,https://ichef.bbci.co.uk/ace/standard/240/cpsprodpb/dd5c/live/dffb8090-470b-11f1-8bd0-c9ca96b627c7.jpg,Sport,Tennis,"[""tennis"", ""sport"", ""wimbledon"", ""grand slam""]",2026-04-30T19:33:07,2,False,1154
d800533c-ed45-48df-b27a-f9924e87a8ed,England face stern test as NZ pick Jamieson & O'Rourke,Kyle Jamieson and Will O'Rourke return after injuries to bolster a strong New Zealand pace attack for next month's Test series in England and one-off Test against Ireland.,https://www.bbc.com/sport/cricket/articles/cpqp2lxrq33o?at_medium=RSS&at_campaign=rss,https://ichef.bbci.co.uk/ace/standard/240/cpsprodpb/7b7a/live/27a50970-4973-11f1-bd52-e755d604ece4.jpg,Sport,Cricket,"[""cricket"", ""sport"", ""ashes"", ""test match""]",2026-04-30T19:37:47,6,False,970
b1dd46e5-25c1-42cf-8294-286021a02534,"Vaccines a huge success, but public trust must be earned - key findings from Covid report","Immunisation saved hundreds of thousands of UK lives, but vaccine hesitancy remains an issue.",https://www.bbc.com/news/articles/ce3dp52l70zo?at_medium=RSS&at_campaign=rss,https://ichef.bbci.co.uk/ace/standard/240/cpsprodpb/cc1c/live/c1be81a0-39a9-11f1-879d-1b2f5c3919b8.jpg,News,Health,"[""health"", ""NHS"", ""medicine"", ""wellbeing""]",2026-04-30T21:07:01,2,False,364
5707410a-aece-475c-bd7c-afd0930a459e,Which Premier League players are out of contract this summer?,"With a World Cup summer fast approaching, BBC Sport looks at which Premier League stars may be looking for new clubs.",https://www.bbc.com/sport/football/articles/c33l0gxm2ndo?at_medium=RSS&at_campaign=rss,https://ichef.bbci.co.uk/ace/standard/240/cpsprodpb/3149/live/34074840-3d70-11f1-bd52-e755d604ece4.jpg,Sport,Football,"[""football"", ""sport"", ""premier league"", ""soccer""]",2026-04-30T21:53:57,7,False,748
cb20be09-36dc-4a29-b031-a8cfede7ace0,'Amazing' moment for communities given right to buy for the first time,Ministers say the new law in England gives power to local people who want to help others.,https://www.bbc.com/news/articles/clypwyzk71po?at_medium=RSS&at_campaign=rss,https://ichef.bbci.co.uk/ace/standard/240/cpsprodpb/55ee/live/72e83b70-43e5-11f1-9113-1988573e8ff7.jpg,News,Health,"[""health"", ""NHS"", ""medicine"", ""wellbeing""]",2026-05-01T06:05:14,6,False,507
d36ce245-4c5d-483c-ae7c-ff7dc275c39d,Context key to player moves - NI boss McArdle,"Northern Ireland boss Michael McArdle says ""individual context"" is key when weighing up whether players are better served playing regularly domestically or moving to a higher level elsewhere and not getting consistent game time.",https://www.bbc.com/sport/articles/cdxpg2x0j22o?at_medium=RSS&at_campaign=rss,https://ichef.bbci.co.uk/ace/standard/240/cpsprodpb/afc9/live/731f3520-4ae4-11f1-8c8d-458160734f59.jpg,Sport,Football,"[""football"", ""sport"", ""premier league"", ""soccer""]",2026-05-01T06:57:51,2,False,917
365d0f07-fd84-4854-bcc4-c8a9481d73dc,'In a better place but not 100%' - Raducanu out of Rome as wait for return continues,Britain's Emma Raducanu withdraws from the Italian Open because of the post-viral illness that has kept her off the WTA Tour for two months.,https://www.bbc.com/sport/tennis/articles/c707kn51eylo?at_medium=RSS&at_campaign=rss,https://ichef.bbci.co.uk/ace/standard/240/cpsprodpb/62f7/live/26149390-48b1-11f1-ac78-2112837ce2aa.jpg,Sport,Tennis,"[""tennis"", ""sport"", ""wimbledon"", ""grand slam""]",2026-05-01T07:08:47,2,False,364
a8acca13-5045-485c-8120-de5ae00abffc,Tech Now,Harriet Bradshaw finds out how AI is being used to help solve an art history mystery.,https://www.bbc.co.uk/iplayer/episode/m002w3sl?at_medium=RSS&at_campaign=rss,https://ichef.bbci.co.uk/images/ic/240x135/p0nht181.jpg,Technology,Tech & AI,"[""technology"", ""AI"", ""internet"", ""innovation"", ""data""]",2026-05-01T07:26:23,6,False,1169
b07aa62f-3bb2-42dd-9874-74b26e0c533b,London Marathon 2026 highlights,Gabby Logan has the best of the day’s action from the London Marathon.,https://www.bbc.co.uk/iplayer/episode/m002vq6g?at_medium=RSS&at_campaign=rss,https://ichef.bbci.co.uk/images/ic/240x135/p0ngdy47.jpg,Sport,Athletics,"[""athletics"", ""sport"", ""running"", ""olympics""]",2026-05-01T07:27:01,5,False,930
6ab38ff5-51d8-40c3-b171-ef0db86dbacc,The struggle to get hold of medication in England is set to get worse,"People living with conditions include heart problems, stroke risks, eye infections and bipolar are unable to get hold of the drugs they rely on.",https://www.bbc.com/news/articles/c202jqn3jzro?at_medium=RSS&at_campaign=rss,https://ichef.bbci.co.uk/ace/standard/240/cpsprodpb/831c/live/ce7e3080-4551-11f1-b55d-0f258dce1735.png,News,Health,"[""health"", ""NHS"", ""medicine"", ""wellbeing""]",2026-05-01T07:56:27,5,False,640
435b4b06-bf81-4b3b-bc9e-28f301a7e1f2,Arbroath would retain part-time players in Premiership - Gold,"Arbroath would continue to field part-time players if they were to gain promotion to the Scottish Premiership, believes co-manager David Gold.",https://www.bbc.com/sport/football/articles/cn8p9q978peo?at_medium=RSS&at_campaign=rss,https://ichef.bbci.co.uk/ace/standard/240/cpsprodpb/092d/live/d49128b0-4a2e-11f1-91d3-69962f9a0625.jpg,Sport,Football,"[""football"", ""sport"", ""premier league"", ""soccer""]",2026-05-01T08:27:06,7,False,305
3d39628c-d343-429c-bbc2-6386fef5ac25,'She's most gifted female British sprinter ever',"Ex-World indoor champion Richard Kilty calls 15-year-old Celine Obinna-Alo ""the most naturally gifted female British sprinter ever"".",https://www.bbc.com/sport/athletics/articles/c208ddp7g35o?at_medium=RSS&at_campaign=rss,https://ichef.bbci.co.uk/ace/standard/240/cpsprodpb/7c83/live/8adcd070-dfe4-11f0-9510-f5a780b2011e.jpg,Sport,Athletics,"[""athletics"", ""sport"", ""running"", ""olympics""]",2026-05-01T09:33:32,5,False,1062
9e9a19de-2fc1-478f-9e76-e997a6330e12,Sewage and agricultural pollution having 'alarming' impact on UK's underwater forests,"Scientists found seagrass meadows affected by sewage had far fewer small invertebrates, like crabs.",https://www.bbc.com/news/articles/cn0pl9j88gno?at_medium=RSS&at_campaign=rss,https://ichef.bbci.co.uk/ace/standard/240/cpsprodpb/83e1/live/5a09a100-4540-11f1-be1a-bdd45fc37339.jpg,Science,Environment,"[""science"", ""climate"", ""environment"", ""nature"", ""research""]",2026-05-01T10:02:18,2,False,503
56ca74b9-1509-4f83-8b60-5f9e081578e8,Southampton face EFL probe over alleged spying on Middlesbrough,The EFL launches an investigation into an alleged case of spying by a member of Southampton's staff at Middlesbrough before they meet in the Championship play-offs.,https://www.bbc.com/sport/football/articles/c78k93799xyo?at_medium=RSS&at_campaign=rss,https://ichef.bbci.co.uk/ace/standard/240/cpsprodpb/3879/live/3426dcf0-4a4f-11f1-ac76-69efd0e705cd.jpg,Sport,Football,"[""football"", ""sport"", ""premier league"", ""soccer""]",2026-05-01T10:14:29,2,False,703
88e50789-31e0-42c0-be1c-b7ade6d0760a,Instagram privacy tech is turned off today - what does this mean for your DMs?,"The platform said it would remove end-to-end encrypted messages, a major U‑turn by parent company Meta.",https://www.bbc.com/news/articles/clypzxl3lvqo?at_medium=RSS&at_campaign=rss,https://ichef.bbci.co.uk/ace/standard/240/cpsprodpb/b18f/live/cbad6e00-4a17-11f1-a7ce-b934bcb15ff4.jpg,Business,Economy,"[""business"", ""economy"", ""finance"", ""markets"", ""companies""]",2026-05-01T10:16:12,2,False,1088
d2ff36d6-40e1-44ac-86d1-ca1752db86f8,Hundreds contact BBC about mystery skin condition 'hell' - but doctors can't agree it exists,Some think it's a severe case of eczema. Others say it's a condition called TSW. But doctors are stuck in a dilemma.,https://www.bbc.com/news/articles/cly6xjpx6gjo?at_medium=RSS&at_campaign=rss,https://ichef.bbci.co.uk/ace/standard/240/cpsprodpb/d547/live/f5a971b0-34df-11f1-879d-1b2f5c3919b8.png,News,Health,"[""health"", ""NHS"", ""medicine"", ""wellbeing""]",2026-05-01T11:37:27,6,False,1018
560402de-ec72-4b58-833e-41dba434d9cc,Why is there talk about a Pakistan spinner's action?,Who is Usman Tariq and what is the story behind the Pakistan spinner's much-debated bowling action?,https://www.bbc.com/sport/cricket/articles/cddn9zpj6jdo?at_medium=RSS&at_campaign=rss,https://ichef.bbci.co.uk/ace/standard/240/cpsprodpb/f686/live/57610950-0a73-11f1-b7e1-afb6d0884c18.jpg,Sport,Cricket,"[""cricket"", ""sport"", ""ashes"", ""test match""]",2026-05-01T12:37:13,4,False,767
1c77d573-1b2e-4e9a-92c9-8b1d6a6ac57c,Massive Alaska megatsunami was second largest ever recorded,New research suggests glacier melt driven by climate change is increasing the risk of giant waves.,https://www.bbc.com/news/articles/c1m253033m4o?at_medium=RSS&at_campaign=rss,https://ichef.bbci.co.uk/ace/standard/240/cpsprodpb/3642/live/5902acb0-487f-11f1-b133-d51692f10715.jpg,Science,Environment,"[""science"", ""climate"", ""environment"", ""nature"", ""research""]",2026-05-01T13:19:51,2,False,648
6c6049e5-7ee4-42dc-8977-755fc7d0c166,Bangladesh v Pakistan - first Test scorecard,Latest scorecard from the first Test between Bangladesh and Pakistan in Mirpur.,https://www.bbc.co.uk/sport/cricket/scorecard/e-239528?at_medium=RSS&at_campaign=rss,https://ichef.bbci.co.uk/ace/standard/240/cpsprodpb/77a4/live/ed5d3d20-4781-11f1-b55d-0f258dce1735.png,Sport,Cricket,"[""cricket"", ""sport"", ""ashes"", ""test match""]",2026-05-01T15:41:26,4,False,385
0f081b5e-0493-4642-bcb8-d2e3180c2373,Spalletti signs new Juventus contract amid Italy links,"Juventus manager Luciano Spalletti signs a two-year contract extension with the club, effectively ruling him out of a return to the Italy national team.",https://www.bbc.com/sport/football/articles/c4gvkg7e8mro?at_medium=RSS&at_campaign=rss,https://ichef.bbci.co.uk/ace/standard/240/cpsprodpb/205b/live/8f2c4850-34f2-11f1-955f-add91a6f90f4.jpg,Sport,Football,"[""football"", ""sport"", ""premier league"", ""soccer""]",2026-05-01T16:47:26,7,False,1132
be2e55a9-92a2-4b35-a3b3-c57460a19321,Teenager Rew extends Somerset deal until 2028,Teenage wicketkeeper-batter Thomas Rew signs a new contract with Somerset until the end of the 2028 season.,https://www.bbc.com/sport/cricket/articles/ckgp72e41zqo?at_medium=RSS&at_campaign=rss,https://ichef.bbci.co.uk/ace/standard/240/cpsprodpb/daef/live/4ed21090-4871-11f1-b010-8f8612d9ae2e.jpg,Sport,Cricket,"[""cricket"", ""sport"", ""ashes"", ""test match""]",2026-05-01T17:03:25,2,False,1010
ea0b7621-1a7b-4897-a308-65c36f0eea44,'I don't know what the limit is for me' - O'Connor,"Ireland's Kate O'Connor says she has ""not reached my potential in any of the events"" as she gears up for the outdoor season.",https://www.bbc.com/sport/athletics/articles/cd9v93472k7o?at_medium=RSS&at_campaign=rss,https://ichef.bbci.co.uk/ace/standard/240/cpsprodpb/bc61/live/436a2510-4251-11f1-85a4-6fbea57c2af5.jpg,Sport,Athletics,"[""athletics"", ""sport"", ""running"", ""olympics""]",2026-05-01T17:04:25,3,False,446
d7557242-b540-4ea1-8404-3eabf855953f,1973 Battle of the Sexes was about social change - King,"American tennis legend Billie Jean King says the upcoming 'Battle of the Sexes' match between Aryna Sabalenka and Nick Kyrgios is ""not the same"" as her 1973 victory over Bobby Riggs.",https://www.bbc.com/sport/tennis/videos/c8e9y1zr26no?at_medium=RSS&at_campaign=rss,https://ichef.bbci.co.uk/ace/standard/240/cpsprodpb/ed44/live/20a80a00-d5f6-11f0-9fb5-5f3a3703a365.jpg,Sport,Tennis,"[""tennis"", ""sport"", ""wimbledon"", ""grand slam""]",2026-05-01T17:07:48,3,False,658
6273df7e-8fdb-4614-b5a7-173cafbadc35,Moyes disappointed to only take point against Man City,"EEverton boss David Moyes says he is ""really disappointed"" to come away with one point after Jeremy Doku scored a late equaliser for Manchester City in a 3-3 draw in the Premir League.",https://www.bbc.com/sport/football/videos/cgqp01y5y3eo?at_medium=RSS&at_campaign=rss,https://ichef.bbci.co.uk/ace/standard/240/cpsprodpb/2b61/live/2fda34c0-4802-11f1-ac78-2112837ce2aa.jpg,Sport,Football,"[""football"", ""sport"", ""premier league"", ""soccer""]",2026-05-01T17:27:09,2,False,504
5740d55e-01c4-47ea-9ce4-b9431f323d32,How to follow the Premier League on the BBC this weekend,BBC Sport Ask Me Anything explains how to follow the Premier League on the BBC this weekend.,https://www.bbc.com/sport/football/articles/c0kpzljpz6lo?at_medium=RSS&at_campaign=rss,https://ichef.bbci.co.uk/ace/standard/240/cpsprodpb/7b82/live/1949b250-4a08-11f1-b55d-0f258dce1735.png,Sport,Football,"[""football"", ""sport"", ""premier league"", ""soccer""]",2026-05-01T19:44:16,5,False,468
46d3dec0-c709-407a-8eb0-9d5686420107,'I'm always the chaser?' - Djokovic unimpressed by reporter's question,"24-time Grand Slam winner Novak Djokovic says he felt ""disrespectful"" after being asked how he felt ""chasing"" Jannik Sinner and Carlos Alcaraz, after previously ""chasing"" Roger Federer and Rafael Nadal during the early parts of his career.",https://www.bbc.com/sport/tennis/videos/cq6vp3ep9rmo?at_medium=RSS&at_campaign=rss,https://ichef.bbci.co.uk/ace/standard/240/cpsprodpb/aaa8/live/c5346590-fc3f-11f0-a422-4ba8a094a8fa.jpg,Sport,Tennis,"[""tennis"", ""sport"", ""wimbledon"", ""grand slam""]",2026-05-01T21:04:05,7,False,1134
1dedfb11-6963-4267-aaa0-0394a64b3798,The companies making billions from the Iran war,"Through surging profits or soaring share prices, the war has been a boon for some firms.",https://www.bbc.com/news/articles/ce8pyyz5e0ro?at_medium=RSS&at_campaign=rss,https://ichef.bbci.co.uk/ace/standard/240/cpsprodpb/4805/live/10c5a3c0-4ab5-11f1-aa18-a5969e596c8c.jpg,News,World,"[""world"", ""international"", ""global""]",2026-05-02T07:39:47,4,False,660
7b6727d4-938f-44f7-afa5-c24c323a6d97,The no-nonsense judge calling the shots in Musk v Altman trial,The feud has fuelled a costly showdown between two tech titans.,https://www.bbc.com/news/articles/cx214rnlpn7o?at_medium=RSS&at_campaign=rss,https://ichef.bbci.co.uk/ace/standard/240/cpsprodpb/611c/live/9f240970-49ea-11f1-9921-0be54b6c608a.jpg,Business,Economy,"[""business"", ""economy"", ""finance"", ""markets"", ""companies""]",2026-05-02T08:30:28,3,False,985
7f9f2309-83ad-496e-b656-db1025077449,"Average house price falls by 5%, report shows","The cost of an average island property is down from almost £600,000 at the start of 2025.",https://www.bbc.com/news/articles/czd2n2nell5o?at_medium=RSS&at_campaign=rss,https://ichef.bbci.co.uk/ace/standard/240/cpsprodpb/1301/live/c3f90bc0-4a25-11f1-bfb3-af42b3144659.png,Business,Economy,"[""business"", ""economy"", ""finance"", ""markets"", ""companies""]",2026-05-02T09:35:43,4,False,1019
63962cb0-0664-44a7-8318-7f794a13863c,Five killed in huge fire at packed Mexico fairground,"The blaze in the south-eastern city of Villahermosa erupted during a concert reportedly attended by some 135,000 people.",https://www.bbc.com/news/articles/cq6py38q81ro?at_medium=RSS&at_campaign=rss,https://ichef.bbci.co.uk/ace/standard/240/cpsprodpb/c67f/live/953941c0-4a51-11f1-bd52-e755d604ece4.jpg,News,World,"[""world"", ""international"", ""global""]",2026-05-02T09:35:48,4,False,1197
45fb5030-891e-474f-b6d8-8350bbe54e24,Tech Life,How to say goodbye and pay tribute to a loved one - with a hologram.,https://www.bbc.co.uk/sounds/play/w3ct8jxr?at_medium=RSS&at_campaign=rss,https://ichef.bbci.co.uk/images/ic/240x135/p0ngd4cc.jpg,Technology,Tech & AI,"[""technology"", ""AI"", ""internet"", ""innovation"", ""data""]",2026-05-02T10:10:11,7,False,1002
789f029d-6658-4bcd-9037-a1239730d4a8,Which airlines are cancelling flights to the UK - and what can you do?,Airlines are putting up prices and cancelling flights in response to higher jet fuel prices.,https://www.bbc.com/news/articles/cr41yel6v4eo?at_medium=RSS&at_campaign=rss,https://ichef.bbci.co.uk/ace/standard/240/cpsprodpb/b27c/live/3ee8b780-3f23-11f1-80a9-03674e4a073c.jpg,Business,Economy,"[""business"", ""economy"", ""finance"", ""markets"", ""companies""]",2026-05-02T10:21:05,7,False,533
c9a708a9-2521-4cc4-b775-d57b0544f883,IPL 2026 points table and top run-scorers & wicket-takers,"The IPL 2026 is in full swing, but who is leading the race for the orange and purple cap? BBC Sport looks at the top run-scorers and wicket-takers in the 19th edition.",https://www.bbc.com/sport/cricket/articles/cvgey9n01m8o?at_medium=RSS&at_campaign=rss,https://ichef.bbci.co.uk/ace/standard/240/cpsprodpb/2a97/live/f7f40b20-458c-11f1-b55d-0f258dce1735.jpg,Sport,Cricket,"[""cricket"", ""sport"", ""ashes"", ""test match""]",2026-05-02T10:24:29,4,False,411
b20f2e5f-85ae-4ed5-87fd-5d5db3a56531,Border politics - how similar jobs in the same firm deliver different tax bills,Workers in southern Scotland can find themselves paying more tax than colleagues who live south of the border.,https://www.bbc.com/news/articles/c3r2w4r113xo?at_medium=RSS&at_campaign=rss,https://ichef.bbci.co.uk/ace/standard/240/cpsprodpb/4fe5/live/f055ab30-48b6-11f1-b55d-0f258dce1735.jpg,Business,Economy,"[""business"", ""economy"", ""finance"", ""markets"", ""companies""]",2026-05-02T10:58:22,6,False,746
431661ac-af88-4e30-b88a-adc9b10d6538,Thousands of North Koreans fought for Russia. A memorial hints at the death toll,"An estimated 11,000 North Korean soldiers were sent to fight in Russia's war against Ukraine.",https://www.bbc.com/news/articles/clypr5985ejo?at_medium=RSS&at_campaign=rss,https://ichef.bbci.co.uk/ace/standard/240/cpsprodpb/2fd6/live/a83c09a0-49f8-11f1-bd52-e755d604ece4.png,News,World,"[""world"", ""international"", ""global""]",2026-05-02T12:16:42,3,False,1185
33a69fdc-1703-4218-843a-dac63210a58c,Inside Man City's WSL title-winning season,Manchester City have won a first Women's Super League title in 10 years - but how did they achieve it?,https://www.bbc.com/sport/football/articles/c2lrzd4x02vo?at_medium=RSS&at_campaign=rss,https://ichef.bbci.co.uk/ace/standard/240/cpsprodpb/f0e2/live/62490d00-4997-11f1-b55d-0f258dce1735.jpg,Sport,Football,"[""football"", ""sport"", ""premier league"", ""soccer""]",2026-05-02T12:24:54,2,False,418
6627b75b-a33a-4c21-b6aa-905f1b0f770c,Sawe smashes two-hour mark to 'move goalposts for marathon running',Sabastian Sawe makes history at the London Marathon as the first person to run a sub-two-hour marathon in a competitive race.,https://www.bbc.com/sport/athletics/articles/crm1m7e0zwzo?at_medium=RSS&at_campaign=rss,https://ichef.bbci.co.uk/ace/standard/240/cpsprodpb/b363/live/5c67a4a0-4163-11f1-8a25-27287a9e092d.jpg,Sport,Athletics,"[""athletics"", ""sport"", ""running"", ""olympics""]",2026-05-02T13:32:35,4,False,817
141c9c98-08a2-4637-8816-02936263f502,Draper out of French Open with knee injury,Britain's Jack Draper will miss the rest of the clay court season - including next month's French Open - with a knee tendon injury.,https://www.bbc.com/sport/tennis/articles/c7v965n0vvlo?at_medium=RSS&at_campaign=rss,https://ichef.bbci.co.uk/ace/standard/240/cpsprodpb/55a0/live/430f49d0-43d0-11f1-ac78-2112837ce2aa.jpg,Sport,Tennis,"[""tennis"", ""sport"", ""wimbledon"", ""grand slam""]",2026-05-02T13:39:02,4,False,846
935e2b13-f791-4c87-ac6d-d6874c739351,Australian North set to be first foreign England chief selector,"Marcus North, a former Australia international and Durham's director of cricket, is set to become the first foreigner in charge of selecting the England men's team.",https://www.bbc.com/sport/cricket/articles/c3w21l6deqwo?at_medium=RSS&at_campaign=rss,https://ichef.bbci.co.uk/ace/standard/240/cpsprodpb/b294/live/3c69bf00-49fe-11f1-a9e7-0f8f590f205b.jpg,Sport,Cricket,"[""cricket"", ""sport"", ""ashes"", ""test match""]",2026-05-02T13:41:04,2,False,800
f1919af5-d9ca-4d9a-bf82-5768ab02f94f,Celebrities send well wishes to Bonnie Tyler as singer in induced coma after surgery,The Total Eclipse of the Heart singer was rushed to hospital for emergency surgery in Portugal on Wednesday.,https://www.bbc.com/news/articles/c707edw539ro?at_medium=RSS&at_campaign=rss,https://ichef.bbci.co.uk/ace/standard/240/cpsprodpb/18f5/live/0260d1d0-4abd-11f1-ac78-2112837ce2aa.png,News,UK Politics,"[""politics"", ""UK"", ""government"", ""policy""]",2026-05-02T13:53:59,6,False,277
5e8c78ce-6f08-4a9c-bbbe-9e4c84161577,Rwandan singer dies as he was being released from prison,The former university lecturer was a vocal critic of the government and ruling Rwandan Patriotic Front party.,https://www.bbc.com/news/articles/cevpxn0ddp9o?at_medium=RSS&at_campaign=rss,https://ichef.bbci.co.uk/ace/standard/240/cpsprodpb/ca42/live/05f1abe0-4a1c-11f1-bd52-e755d604ece4.png,News,World,"[""world"", ""international"", ""global""]",2026-05-02T15:05:15,5,False,638
a3ebe615-afad-4c4d-8059-56033d1115d2,'I don't want to give myself too much of a hard time',"British number one Emma Raducanu says she is leaving the Australian Open with her ""head held high"" after losing 7-6 (7-3) 6-2 to Austria's Anastasia Potapova in the second round.",https://www.bbc.com/sport/tennis/videos/c3dm0yyjvv9o?at_medium=RSS&at_campaign=rss,https://ichef.bbci.co.uk/ace/standard/240/cpsprodpb/d7eb/live/1358c3e0-f6c5-11f0-b385-5f48925de19a.jpg,Sport,Tennis,"[""tennis"", ""sport"", ""wimbledon"", ""grand slam""]",2026-05-02T15:22:06,5,False,608
d515da39-53cc-4974-960c-e7c447ce570b,What latest election results show us in maps and charts,"See which parties are winning - and losing – across the UK and who’s won in your area, using our interactive tool.",https://www.bbc.com/news/articles/c0ljrp76ywxo?at_medium=RSS&at_campaign=rss,https://ichef.bbci.co.uk/ace/standard/240/cpsprodpb/f9c3/live/09a5fee0-4aac-11f1-b55d-0f258dce1735.png,News,UK Politics,"[""politics"", ""UK"", ""government"", ""policy""]",2026-05-02T16:00:54,3,False,392
b2c209e0-dc3a-4f56-93b6-32e06b09bf85,Somerset sign batter Hermann for three matches,Somerset sign South Africa batter Jordan Hermann on a deal for their next three County Championship matches as injury cover.,https://www.bbc.com/sport/cricket/articles/c302qq5rr68o?at_medium=RSS&at_campaign=rss,https://ichef.bbci.co.uk/ace/standard/240/cpsprodpb/a85e/live/166505e0-4aed-11f1-95d5-c35bb50319f8.jpg,Sport,Cricket,"[""cricket"", ""sport"", ""ashes"", ""test match""]",2026-05-02T16:58:39,6,False,352
85d885ae-3ebd-4253-80bb-cf958068ddf1,Kostyuk beats Andreeva to win Madrid Open,"Ukraine's Marta Kostyuk beats Mirra Andreeva in straight sets to win the Madrid Open and her first title at WTA 1,000 level.",https://www.bbc.com/sport/tennis/articles/cdjp34vw7glo?at_medium=RSS&at_campaign=rss,https://ichef.bbci.co.uk/ace/standard/240/cpsprodpb/4164/live/c572c6b0-4644-11f1-aa14-ad910202f501.jpg,Sport,Tennis,"[""tennis"", ""sport"", ""wimbledon"", ""grand slam""]",2026-05-02T17:32:37,3,False,808
ddc6af81-32dd-4488-8ecb-82565b26c589,People urged not to cancel flights over fuel shortage fears,"Airlines have cut 13,000 flights globally in May as jet fuel prices soar due to the conflict in the Middle East.",https://www.bbc.com/news/articles/cyv24v3mpdmo?at_medium=RSS&at_campaign=rss,https://ichef.bbci.co.uk/ace/standard/240/cpsprodpb/cf1e/live/7bb43ee0-491f-11f1-9546-d74beef04f02.jpg,Business,Economy,"[""business"", ""economy"", ""finance"", ""markets"", ""companies""]",2026-05-02T17:53:18,2,False,1164
b67dfcc7-aa6f-4fc1-ae09-6ebcc8213e98,"Bonuses, players on the beach & the phoney war - Pulis' end-of-season insights",Tony Pulis on why motivating players who have nothing to play for is just one of the challenges facing a manager at the end of the season.,https://www.bbc.com/sport/football/articles/c3v2r5400l0o?at_medium=RSS&at_campaign=rss,https://ichef.bbci.co.uk/ace/standard/240/cpsprodpb/b5f5/live/8d30efd0-3fae-11f1-ac78-2112837ce2aa.jpg,Sport,Football,"[""football"", ""sport"", ""premier league"", ""soccer""]",2026-05-02T20:00:46,5,False,469
e7479afa-ccd9-458b-9209-0b21c0ef26ad,Watch: Kane gives Dunfermline play-off advantage,Watch Chris Kane's goal in Dunfermline Athletic's 1-0 Scottish Premiership play-off quarter-final first-leg win against Arbroath.,https://www.bbc.com/sport/videos/cvgz8zn3nyxo?at_medium=RSS&at_campaign=rss,https://ichef.bbci.co.uk/ace/standard/240/cpsprodpb/55c9/live/c8411930-48c6-11f1-b55d-0f258dce1735.jpg,Sport,Football,"[""football"", ""sport"", ""premier league"", ""soccer""]",2026-05-02T20:06:33,4,False,935
7771281c-ad02-46ae-bef1-231c4940f92a,Nationwide cashier who stole from vulnerable customers caught out by holiday photos,One of Kerry Kershaw's victims was a 49-year-old man with learning disabilities.,https://www.bbc.com/news/articles/ceqpr9x4nwjo?at_medium=RSS&at_campaign=rss,https://ichef.bbci.co.uk/ace/standard/240/cpsprodpb/bb32/live/50872bb0-4ac3-11f1-b55d-0f258dce1735.jpg,News,UK Politics,"[""politics"", ""UK"", ""government"", ""policy""]",2026-05-02T20:36:39,7,False,808
86981b16-c2b0-4a91-b99c-ccab05d6dc31,What to do if you think someone has heat exhaustion or heatstroke,Know the signs and what to do if someone is unwell in hot weather.,https://www.bbc.com/news/articles/ckgl51jjp3jo?at_medium=RSS&at_campaign=rss,https://ichef.bbci.co.uk/ace/standard/240/cpsprodpb/fe17/live/a3996890-4b8c-11f0-8efc-193ffd471116.jpg,News,Health,"[""health"", ""NHS"", ""medicine"", ""wellbeing""]",2026-05-02T21:05:30,4,False,1037
b2c7bb81-a1da-4798-b81d-5ec29ebaa37a,BBC Inside Science,We explore the mechanisms causing Europe's warming twice as fast as the global average.,https://www.bbc.co.uk/sounds/play/w3ct977j?at_medium=RSS&at_campaign=rss,https://ichef.bbci.co.uk/images/ic/240x135/p0m1ww2j.jpg,Science,Environment,"[""science"", ""climate"", ""environment"", ""nature"", ""research""]",2026-05-02T21:28:39,3,False,494
60f7f6bf-c1cf-4ee4-8df9-f731e2c946bc,African athletes need support and protection - Kebinatshipi,Botswana's Collen Kebinatshipi urges African federations to offer better support for athletes amid concerns of a talent drain from the continent.,https://www.bbc.com/sport/athletics/articles/cjw8wvznejdo?at_medium=RSS&at_campaign=rss,https://ichef.bbci.co.uk/ace/standard/240/cpsprodpb/40c5/live/94238190-4175-11f1-bfbc-178a5f8f3b92.jpg,Sport,Athletics,"[""athletics"", ""sport"", ""running"", ""olympics""]",2026-05-02T21:33:42,5,False,321
bf289879-32f3-4f99-8410-618a22800db6,Has the royal state visit saved the special relationship?,BBC's Sarah Smith looks at whether King Charles' charm offensive with President Trump made a difference to US-UK relations.,https://www.bbc.com/news/videos/cgmpgkj2wz4o?at_medium=RSS&at_campaign=rss,https://ichef.bbci.co.uk/ace/standard/240/cpsprodpb/4f9c/live/13142fe0-44dc-11f1-bd52-e755d604ece4.jpg,News,UK Politics,"[""politics"", ""UK"", ""government"", ""policy""]",2026-05-03T06:05:18,4,False,868
bfd19395-d99d-4e46-a321-f19c897040c6,Thomas signs two-year Somerset extension,All-rounder Josh Thomas signs a new two-year deal with the club until the end of the 2028 season.,https://www.bbc.com/sport/cricket/articles/cgqp9glqw9ko?at_medium=RSS&at_campaign=rss,https://ichef.bbci.co.uk/ace/standard/240/cpsprodpb/b837/live/da22ed50-4a05-11f1-9595-b54f38a93bc1.jpg,Sport,Cricket,"[""cricket"", ""sport"", ""ashes"", ""test match""]",2026-05-03T09:06:15,3,False,628
8f453dcc-3aa6-4c4e-9784-acbe67ce4331,Drug dealer caught with £1.6m cash jailed,"Zulfiqar Shah, 58, is jailed for 16 years and six months at Bradford Crown Court.",https://www.bbc.com/news/articles/cy7205kd6yno?at_medium=RSS&at_campaign=rss,https://ichef.bbci.co.uk/ace/standard/240/cpsprodpb/23f9/live/ce3a7810-4af4-11f1-9c75-d37955007435.jpg,News,UK Politics,"[""politics"", ""UK"", ""government"", ""policy""]",2026-05-03T09:27:23,7,False,1008
7419d09b-2ae5-4f96-923f-b9a63807f222,Raducanu links up with coach from US Open win,"Emma Raducanu has linked up again with Andrew Richardson, who coached her to the US Open title as a teenage qualifier.",https://www.bbc.com/sport/tennis/articles/cvgze503904o?at_medium=RSS&at_campaign=rss,https://ichef.bbci.co.uk/ace/standard/240/cpsprodpb/2618/live/935b42e0-4583-11f1-984a-5dccfa7b544b.jpg,Sport,Tennis,"[""tennis"", ""sport"", ""wimbledon"", ""grand slam""]",2026-05-03T09:28:32,2,False,1104
caaa8975-57cc-4868-8852-bc220a61f99c,US to revoke passports of parents with child support debt,"Parents who have outstanding debt of more than $2,500 (€1,844) in child support payments could be impacted.",https://www.bbc.com/news/articles/c62r52l107po?at_medium=RSS&at_campaign=rss,https://ichef.bbci.co.uk/ace/standard/240/cpsprodpb/3227/live/f31e8c40-4a84-11f1-9818-3fa54dec657e.jpg,News,World,"[""world"", ""international"", ""global""]",2026-05-03T09:52:04,7,False,425
c21bf4bf-11cf-42ba-b90e-c2c9c63fb03b,Athletics won't strangle super-shoe innovation - Coe,"World Athletics president Sebastian Coe says current rules are ""on the right side"" when it comes to shoe technology, following Sabastian Sawe's record-breaking time at the London Marathon.",https://www.bbc.com/sport/athletics/articles/cz72w99w93xo?at_medium=RSS&at_campaign=rss,https://ichef.bbci.co.uk/ace/standard/240/cpsprodpb/22c8/live/9ee24fa0-4583-11f1-b55d-0f258dce1735.jpg,Sport,Athletics,"[""athletics"", ""sport"", ""running"", ""olympics""]",2026-05-03T10:10:48,6,False,444
fdff8fd9-1d8b-483a-812a-1e6f7f69791c,From wild card to underdog - who will win Championship play-offs?,"Millwall, Southampton, Middlesbrough and Hull City can still win promotion to the Premier League - but who will prevail?",https://www.bbc.com/sport/football/articles/c78k5811447o?at_medium=RSS&at_campaign=rss,https://ichef.bbci.co.uk/ace/standard/240/cpsprodpb/d74b/live/52c5e760-486e-11f1-ac78-2112837ce2aa.png,Sport,Football,"[""football"", ""sport"", ""premier league"", ""soccer""]",2026-05-03T10:26:55,6,False,385
4ef7d277-d799-4d39-bfa3-0693a23fb921,From primates to climates - ten of Attenborough's best documentaries,"From hanging out with primates to early climate warnings, here's a selection of his trailblazing programmes.",https://www.bbc.com/news/articles/cevevg98125o?at_medium=RSS&at_campaign=rss,https://ichef.bbci.co.uk/ace/standard/240/cpsprodpb/60a2/live/7bfa1c10-cadc-11f0-a892-01d657345866.jpg,Science,Environment,"[""science"", ""climate"", ""environment"", ""nature"", ""research""]",2026-05-03T11:17:28,5,False,436
f412b808-335c-4b26-a395-46fdc5dd4ec2,"Third British national has suspected hantavirus infection, UK government says","The patient is on the remote Atlantic island of Tristan da Cunha, which was visited by the cruise ship in April.",https://www.bbc.com/news/articles/c5yr41vq2ero?at_medium=RSS&at_campaign=rss,https://ichef.bbci.co.uk/ace/standard/240/cpsprodpb/ad9b/live/d59ba950-4a7a-11f1-bd52-e755d604ece4.jpg,News,World,"[""world"", ""international"", ""global""]",2026-05-03T11:19:00,2,False,639
dab7b807-18e9-4b5c-ab10-810c86acd55c,Wellbeing garden opens to combat isolation,The outdoor area at Yarm Wellness will officially open to the public on Saturday.,https://www.bbc.com/news/articles/c1l9967yq9mo?at_medium=RSS&at_campaign=rss,https://ichef.bbci.co.uk/ace/standard/240/cpsprodpb/dc39/live/2c6fb5d0-38e9-11f1-af88-bb55454ebba2.jpg,News,Health,"[""health"", ""NHS"", ""medicine"", ""wellbeing""]",2026-05-03T12:33:23,3,False,632
38b1f33d-2cd5-4c3c-9466-1f1672140228,Trump gives EU ultimatum deadline to approve trade deal with US,Trump's deadline to the European Union came as a trade court ruled his global tariff policy violated US law.,https://www.bbc.com/news/articles/cp3pyk4nw3lo?at_medium=RSS&at_campaign=rss,https://ichef.bbci.co.uk/ace/standard/240/cpsprodpb/5bde/live/e5f4b280-4a64-11f1-ba67-71539f117a06.jpg,News,World,"[""world"", ""international"", ""global""]",2026-05-03T14:55:30,2,False,873
c89b8a5b-b8d4-4197-949a-33e3d20b054f,The AI fitness instructors selling unreal gains,A BBC Sport investigation finds misleading adverts for fitness apps that use AI-generated instructors to make exaggerated claims.,https://www.bbc.com/sport/articles/c5ye7dnxv86o?at_medium=RSS&at_campaign=rss,https://ichef.bbci.co.uk/ace/standard/240/cpsprodpb/1d6b/live/192e4910-496e-11f1-bd52-e755d604ece4.png,Business,Economy,"[""business"", ""economy"", ""finance"", ""markets"", ""companies""]",2026-05-03T15:50:17,7,False,643
340cc743-32dd-4696-9ee6-d789b307dccc,Ramsey's marathon in memory of 'amazing' young boy,"Aaron Ramsey has only just retired but is running the London Marathon in memory of his friend Ceri's ""amazing"" son Hugh, who died of a rare cancer aged six.",https://www.bbc.com/sport/football/articles/c20q5990ny9o?at_medium=RSS&at_campaign=rss,https://ichef.bbci.co.uk/ace/standard/240/cpsprodpb/a4a2/live/f77204f0-401d-11f1-9293-852e61b4f7c8.jpg,Sport,Athletics,"[""athletics"", ""sport"", ""running"", ""olympics""]",2026-05-03T16:36:27,7,False,1174
c5f1e98b-e135-4178-a8bf-6da0079d36f9,'She basically capitulated' - is Sabalenka underachieving at Slams?,After losing another Grand Slam final - this time to Elena Rybakina at the Australian Open - BBC Sport asks if Aryna Sabalenka is underachieving at the majors.,https://www.bbc.com/sport/tennis/articles/c0q4v54ynzjo?at_medium=RSS&at_campaign=rss,https://ichef.bbci.co.uk/ace/standard/240/cpsprodpb/145a/live/71d193d0-fea3-11f0-aa41-398283381fd8.jpg,Sport,Tennis,"[""tennis"", ""sport"", ""wimbledon"", ""grand slam""]",2026-05-03T17:51:08,3,False,1056
626acfb2-fb34-438e-835c-64e00e51bb57,Why is there a pineapple on Wimbledon's men's trophy?,BBC Sport's Ask Me Anything team looks at why there is a pineapple on the top of the Wimbledon trophy for the winner of the men's singles.,https://www.bbc.com/sport/tennis/articles/ckg3v72er4zo?at_medium=RSS&at_campaign=rss,https://ichef.bbci.co.uk/ace/standard/240/cpsprodpb/07d2/live/e5442500-5d84-11f0-a40e-a1af2950b220.png,Sport,Tennis,"[""tennis"", ""sport"", ""wimbledon"", ""grand slam""]",2026-05-03T18:04:09,6,False,521
d7f1cf49-af46-48e6-834c-e87f93ac0549,'How loan shark threats keep victims like me silent',"A meat cleaver and samurai sword are among items seized from suspects, shown exclusively to the BBC.",https://www.bbc.com/news/articles/cgrllw41dl4o?at_medium=RSS&at_campaign=rss,https://ichef.bbci.co.uk/ace/standard/240/cpsprodpb/eefa/live/09936560-37e1-11f1-92b9-cdab04a74f0a.jpg,Business,Economy,"[""business"", ""economy"", ""finance"", ""markets"", ""companies""]",2026-05-03T18:18:16,3,False,1110
26e85959-2bc8-4cbe-8549-8437b794087e,Why are there so many vape shops on our high streets?,New research has shown a 28% growth in shops selling vape products in Scottish towns and cities.,https://www.bbc.com/news/videos/c0l2glxr537o?at_medium=RSS&at_campaign=rss,https://ichef.bbci.co.uk/ace/standard/240/cpsprodpb/76fd/live/6746b170-47cd-11f1-ac78-2112837ce2aa.jpg,Business,Economy,"[""business"", ""economy"", ""finance"", ""markets"", ""companies""]",2026-05-03T19:32:23,3,False,404
86a434eb-7b88-4a88-a414-4ad912b92e60,Iran accuses US of 'reckless military adventure',Abbas Araghchi says the US attacks each time there is a diplomatic solution on the table.,https://www.bbc.com/news/articles/c99lpn9ze8ro?at_medium=RSS&at_campaign=rss,https://ichef.bbci.co.uk/ace/standard/240/cpsprodpb/9c78/live/9157bc30-4add-11f1-9eb0-1940b1e77213.jpg,News,World,"[""world"", ""international"", ""global""]",2026-05-03T20:17:19,6,False,550
35390c82-84c7-44b9-ba1f-b27f1d548930,"Hantavirus outbreak on cruise ship not start of pandemic, UN health agency says",Ther World Health Organization says it is not in the same situation as with Covid-19 because hantavirus spreads differently.,https://www.bbc.com/news/articles/cnvpzgn26edo?at_medium=RSS&at_campaign=rss,https://ichef.bbci.co.uk/ace/standard/240/cpsprodpb/98ce/live/b935e910-4a16-11f1-a7ce-b934bcb15ff4.jpg,News,UK Politics,"[""politics"", ""UK"", ""government"", ""policy""]",2026-05-03T20:45:09,6,False,339
cb49c691-8e0d-4542-906b-063e9154956d,Watch: Moment WW2 bomb detonated in Plymouth,A loud explosion was heard as bomb disposal experts made the 250kg device safe.,https://www.bbc.com/news/videos/cn0pd1dxgydo?at_medium=RSS&at_campaign=rss,https://ichef.bbci.co.uk/ace/standard/240/cpsprodpb/eb34/live/c9812610-455f-11f1-b55d-0f258dce1735.jpg,News,UK Politics,"[""politics"", ""UK"", ""government"", ""policy""]",2026-05-03T21:35:48,4,False,354
e9889844-2b88-4800-a264-c150c7d70e47,Is this the real face of Anne Boleyn?,A computer science team believes they have discovered a previously unknown sketch of King Henry VIII's second wife - but not everyone is convinced.,https://www.bbc.com/news/articles/cp9pz53e891o?at_medium=RSS&at_campaign=rss,https://ichef.bbci.co.uk/ace/standard/240/cpsprodpb/15ee/live/a5e63610-4603-11f1-ac78-2112837ce2aa.jpg,Science,Environment,"[""science"", ""climate"", ""environment"", ""nature"", ""research""]",2026-05-03T21:57:53,4,False,934
ae65419c-aa1f-4323-8547-268eeb0045ac,Why did Paddington Bear need a police escort?,"Rav Wilding joins us with the latest crime headlines.

From a shocking BBC investigation exposing scammers abusing dogs to con animal lovers, to how to spot a shop used by organised crime — plus why Paddington Bear needed a police escort",https://www.bbc.com/videos/cn8p9j1p3qeo?at_medium=RSS&at_campaign=rss,https://ichef.bbci.co.uk/ace/standard/240/cpsprodpb/ecdf/live/ae93d110-4945-11f1-b55d-0f258dce1735.png,Business,Economy,"[""business"", ""economy"", ""finance"", ""markets"", ""companies""]",2026-05-03T22:05:41,6,False,332
1793c57d-bcd6-4ba6-9b32-c558b325c63d,Will AI lead to more accurate opinion polls?,"It's cheaper and faster to collect people's opinions using AI, but will it make polls more accurate?",https://www.bbc.com/news/articles/cwyw6rylzepo?at_medium=RSS&at_campaign=rss,https://ichef.bbci.co.uk/ace/standard/240/cpsprodpb/a7fa/live/645fc940-3726-11f1-9d5c-8ba507d7dbde.jpg,Business,Economy,"[""business"", ""economy"", ""finance"", ""markets"", ""companies""]",2026-05-03T22:41:11,5,False,933
2fcb65d1-8fc7-487c-88fa-18de7bba5169,Women can wait years for an endometriosis diagnosis. New tech could change that,"A new scan technique could spot areas of endometriosis missed by conventional scans, scientists say.",https://www.bbc.com/news/articles/clyplwvgxjvo?at_medium=RSS&at_campaign=rss,https://ichef.bbci.co.uk/ace/standard/240/cpsprodpb/a852/live/6c3989f0-4462-11f1-ac78-2112837ce2aa.jpg,News,Health,"[""health"", ""NHS"", ""medicine"", ""wellbeing""]",2026-05-04T06:48:43,6,False,1131
8c4ddfe0-6a15-4907-bcd1-4374885215ca,Japan beyond Tokyo: the regions worth the journey,"Most visitors stick to the capital, but Japan's lesser-visited prefectures offer a glimpse of a quieter, more authentic country.",https://www.bbc.com/travel/article/20240301-japan-beyond-tokyo-the-regions-worth-the-journey,,Travel,Long Haul,"[""travel"", ""japan"", ""asia"", ""culture""]",2026-05-04T08:33:23,4,False,452
3a152b5e-95f7-4db6-ad5c-20d828cc3870,British doubles legend Murray retires from tennis,"Jamie Murray, who became the first British doubles player to rise to world number one, has announced his retirement from tennis.",https://www.bbc.com/sport/tennis/articles/cgk00p2p8j2o?at_medium=RSS&at_campaign=rss,https://ichef.bbci.co.uk/ace/standard/240/cpsprodpb/6abd/live/1a234b70-38db-11f1-9d5c-8ba507d7dbde.jpg,Sport,Tennis,"[""tennis"", ""sport"", ""wimbledon"", ""grand slam""]",2026-05-04T09:54:41,3,False,1135
4efa205b-d506-4582-9f33-ef82a7967063,Rohl sure of Rangers stay to lead trophy push,"Danny Rohl is fully ""convinced"" he will remain in charge of Rangers next season amid pressure and speculation linking him with a move.",https://www.bbc.com/sport/football/articles/c1l2mv0q6zno?at_medium=RSS&at_campaign=rss,https://ichef.bbci.co.uk/ace/standard/240/cpsprodpb/7eb7/live/df5b7810-4ad1-11f1-92c1-4f69e4cb55db.jpg,Sport,Football,"[""football"", ""sport"", ""premier league"", ""soccer""]",2026-05-04T10:04:30,7,False,1153
9fee0c1b-1105-446e-bdbf-9f76571e2cad,Mashed potato & 19 minutes' sleep - Entrekin's epic race,Rachel Entrekin tells BBC Sport how she broke the course record for the Cocodona 250 ultramarathon in Arizona.,https://www.bbc.com/sport/athletics/articles/ceqpjdgge2zo?at_medium=RSS&at_campaign=rss,https://ichef.bbci.co.uk/ace/standard/240/cpsprodpb/a707/live/c4b0de80-4a2f-11f1-91d3-69962f9a0625.jpg,Sport,Athletics,"[""athletics"", ""sport"", ""running"", ""olympics""]",2026-05-04T11:23:19,4,False,696
5ecda668-8880-421e-af1e-35019aad40ee,"One year after India-Pakistan conflict, ceasefire holds - but little else does","A year after their military conflict, India and Pakistan avoid war, but diplomacy and trust remain frozen.",https://www.bbc.com/news/articles/c4g4093dy39o?at_medium=RSS&at_campaign=rss,https://ichef.bbci.co.uk/ace/standard/240/cpsprodpb/31e4/live/4d2dd1f0-49db-11f1-9acb-332348f2c41f.jpg,News,World,"[""world"", ""international"", ""global""]",2026-05-04T11:35:04,7,False,572
d1c6c59c-7085-4677-a759-7d51e2003865,'We're living in a shed because of river pollution',Jane and Tony Coyle spent seven years waiting for planning permission due to River Lugg pollution.,https://www.bbc.com/news/articles/c6244zv02ero?at_medium=RSS&at_campaign=rss,https://ichef.bbci.co.uk/ace/standard/240/cpsprodpb/3753/live/bea799a0-3fc8-11f1-b420-d1e4d9e88a70.png,Science,Environment,"[""science"", ""climate"", ""environment"", ""nature"", ""research""]",2026-05-04T11:52:12,3,False,887
bf1afcd1-27f1-40e6-90cc-147c345b9108,Your snaps of changing skies from meteors to rays,BBC Weather Watchers capture the ever-changing April conditions.,https://www.bbc.com/news/articles/c248e595dzgo?at_medium=RSS&at_campaign=rss,https://ichef.bbci.co.uk/ace/standard/240/cpsprodpb/edec/live/3fa93a90-3fe2-11f1-b55d-0f258dce1735.jpg,Science,Environment,"[""science"", ""climate"", ""environment"", ""nature"", ""research""]",2026-05-04T13:01:20,2,False,1017
5944e1b5-70d2-4099-b9af-5915eae71463,Huge plumes of ash rise as Indonesia's Mount Dukono erupts,Officials said the group had been hiking up the active volcano despite a climbing ban.,https://www.bbc.com/news/videos/c5y7gmmp8pdo?at_medium=RSS&at_campaign=rss,https://ichef.bbci.co.uk/ace/standard/240/cpsprodpb/1e5d/live/7c6cb550-4ad3-11f1-bd52-e755d604ece4.jpg,News,World,"[""world"", ""international"", ""global""]",2026-05-04T13:18:45,3,False,521
2cc28489-fda7-459a-affb-a70beca058b4,Why are batters retiring out early in T20 cricket?,BBC Sport's Ask Me Anything team explains why there is a rising trend in T20 batters retiring out early in matches,https://www.bbc.com/sport/cricket/articles/c5y49ndnd82o?at_medium=RSS&at_campaign=rss,https://ichef.bbci.co.uk/ace/standard/240/cpsprodpb/a6c0/live/8014d270-f6e4-11f0-b385-5f48925de19a.jpg,Sport,Cricket,"[""cricket"", ""sport"", ""ashes"", ""test match""]",2026-05-04T13:21:49,5,False,507
696ddf36-5901-4185-a37b-83f4261aef00,Draper retires in first round as injury woes continue,Britain's Jack Draper is forced to retire in the third set of his first-round match against Tomas Martin Etcheverry at the Barcelona Open because of a knee injury.,https://www.bbc.com/sport/tennis/articles/cy71j1pgg61o?at_medium=RSS&at_campaign=rss,https://ichef.bbci.co.uk/ace/standard/240/cpsprodpb/3c9c/live/9fb69fe0-373b-11f1-b3bd-89f011397f28.jpg,Sport,Tennis,"[""tennis"", ""sport"", ""wimbledon"", ""grand slam""]",2026-05-04T13:26:21,3,False,1152
4a0e0711-0c37-4a57-aaa3-50b554c99401,Raducanu targets WTA Tour return in Strasbourg,Emma Raducanu is targeting a return to the WTA Tour in Strasbourg in two weeks' time following her withdrawal from the Italian Open on health grounds.,https://www.bbc.com/sport/tennis/articles/cpdpen4zd81o?at_medium=RSS&at_campaign=rss,https://ichef.bbci.co.uk/ace/standard/240/cpsprodpb/1645/live/2c4ed280-495f-11f1-8cde-350b393d70a2.jpg,Sport,Tennis,"[""tennis"", ""sport"", ""wimbledon"", ""grand slam""]",2026-05-04T13:37:20,6,False,972
afb5fa18-c079-4589-aaf0-737051765139,The debate about whether the NHS should use magic mushrooms to treat depression,Many clinical trials to test the use of psychedelic medicines for conditions such as depression have been underway since 2022 - with surprising results,https://www.bbc.com/news/articles/ckg936l88e7o?at_medium=RSS&at_campaign=rss,https://ichef.bbci.co.uk/ace/standard/240/cpsprodpb/1863/live/2b37c9a0-da84-11f0-b67b-690eb873de1b.jpg,Science,Environment,"[""science"", ""climate"", ""environment"", ""nature"", ""research""]",2026-05-04T13:45:09,2,False,842
ba2861eb-f6a7-44b9-8cbb-baa2f2894823,'She is the woman to beat' - Debrunner defends women's wheelchair title in London,Switzerland's Catherine Debrunner beats Tatyana McFadden to the finish line and secures her fourth London Marathon win in five years in the elite women's wheelchair race.,https://www.bbc.com/sport/athletics/videos/c2eve799zn1o?at_medium=RSS&at_campaign=rss,https://ichef.bbci.co.uk/ace/standard/240/cpsprodpb/1168/live/acf953d0-4156-11f1-bd52-e755d604ece4.jpg,Sport,Athletics,"[""athletics"", ""sport"", ""running"", ""olympics""]",2026-05-04T14:18:20,4,False,769
669e1a49-13d8-4dcc-8d81-2ba6fe47f7ad,Hantavirus-hit cruise ship on way to Canary Islands after three evacuated,A British man is among three evacuees sent to the Netherlands after displaying symptoms while aboard the MV Hondius.,https://www.bbc.com/news/articles/c5y093d5n9ko?at_medium=RSS&at_campaign=rss,https://ichef.bbci.co.uk/ace/standard/240/cpsprodpb/8fa8/live/9080e1e0-49e5-11f1-9921-0be54b6c608a.jpg,News,Health,"[""health"", ""NHS"", ""medicine"", ""wellbeing""]",2026-05-04T14:52:09,3,False,771
daab0b2c-2e75-4c47-805d-3a8babcde9d8,Oil prices rise after US and Iran exchange fire in Hormuz strait,US President Donald Trump says the ceasefire between Washington and Tehran is still in place.,https://www.bbc.com/news/articles/c86dp85g59xo?at_medium=RSS&at_campaign=rss,https://ichef.bbci.co.uk/ace/standard/240/cpsprodpb/ceca/live/514c94a0-4a6d-11f1-9270-375e80dbfe3c.jpg,News,World,"[""world"", ""international"", ""global""]",2026-05-04T15:14:23,3,False,1137
26ba7769-1d61-4e74-abdc-21c5fc0df1a2,"William, Catherine and children name baby kangaroo at Australia Zoo","Conservationist Robert Irwin, son of Steve Irwin, says Cwtch - Welsh for cuddle - is the perfect name.",https://www.bbc.com/news/articles/cx21ekgl42qo?at_medium=RSS&at_campaign=rss,https://ichef.bbci.co.uk/ace/standard/240/cpsprodpb/62ac/live/7d0c5650-4a47-11f1-9cf8-9bf0cf6f692d.jpg,News,UK Politics,"[""politics"", ""UK"", ""government"", ""policy""]",2026-05-04T16:17:56,3,False,964
f33e1be6-8cb8-40ba-83ea-9dab5bfc6ffd,"Department 'hadn't a clue' if tunnel was locked, inquest hears",The 14-year-old's body was found in an underground water tunnel six days after he disappeared in north Belfast almost six years ago.,https://www.bbc.com/news/articles/c1w2d3lyzgjo?at_medium=RSS&at_campaign=rss,https://ichef.bbci.co.uk/ace/standard/240/cpsprodpb/6c34/live/e84bca10-4a31-11f1-ac78-2112837ce2aa.jpg,News,UK Politics,"[""politics"", ""UK"", ""government"", ""policy""]",2026-05-04T19:11:46,6,False,682
250de35a-720e-4b23-8a73-509ecb8876ad,South Africa condemns 'fake videos' of alleged xenophobic attacks,"As claims of xenophobia in South Africa mount, Ghana calls on the African Union to send a fact-finding mission.",https://www.bbc.com/news/articles/cx21g3vl63zo?at_medium=RSS&at_campaign=rss,https://ichef.bbci.co.uk/ace/standard/240/cpsprodpb/c5be/live/e29ad260-4a12-11f1-a7ce-b934bcb15ff4.jpg,News,World,"[""world"", ""international"", ""global""]",2026-05-04T19:19:36,2,False,1074
c8a2a1ac-b114-486f-b680-88b11f322abe,Artemis II: Nasa targets early April for Moon mission,Nasa says technical problems that have delayed the rocket are fixed and it is ready for launch.,https://www.bbc.com/news/articles/c4g8qp42rq6o?at_medium=RSS&at_campaign=rss,https://ichef.bbci.co.uk/ace/standard/240/cpsprodpb/0242/live/f5220620-1ece-11f1-801d-ed3cff6bf876.jpg,Science,Environment,"[""science"", ""climate"", ""environment"", ""nature"", ""research""]",2026-05-04T19:40:50,6,False,871
062f2b17-48a3-4d1b-a686-69a37c3cf261,Former OpenAI board member says Elon Musk offered her sperm donations,Shivon Zilis is the mother of four of Musk's children. That relationship began as she advised OpenAI.,https://www.bbc.com/news/articles/c33243j44p8o?at_medium=RSS&at_campaign=rss,https://ichef.bbci.co.uk/ace/standard/240/cpsprodpb/95e3/live/2dfa9ad0-496c-11f1-8ac1-2336fddb3c06.jpg,Business,Economy,"[""business"", ""economy"", ""finance"", ""markets"", ""companies""]",2026-05-04T20:02:03,7,False,954
be9a2b39-37e9-40a4-ab3b-6e4ee38befd2,Global forest loss slows but El Niño fires could threaten progress,"The loss of tropical rainforests eased last year, according to new analysis, but scientists warn they are still disappearing rapidly.",https://www.bbc.com/news/articles/c78q5pygn66o?at_medium=RSS&at_campaign=rss,https://ichef.bbci.co.uk/ace/standard/240/cpsprodpb/6cb5/live/51be1d40-43ed-11f1-ac78-2112837ce2aa.jpg,Science,Environment,"[""science"", ""climate"", ""environment"", ""nature"", ""research""]",2026-05-04T20:29:49,5,False,991
450655d4-a7d9-4c3e-bdfd-5ffa87b570e1,Why did resident doctors go on strike and how much are they paid?,Resident doctors in England have returned to work after the 15th walkout in a long-running dispute.,https://www.bbc.com/news/articles/cn0qyl4ljjko?at_medium=RSS&at_campaign=rss,https://ichef.bbci.co.uk/ace/standard/240/cpsprodpb/8359/live/8e09a2a0-3273-11f1-934f-036468834728.jpg,News,Health,"[""health"", ""NHS"", ""medicine"", ""wellbeing""]",2026-05-04T20:58:17,7,False,1156
e87493d9-de12-48cc-a3ae-18ca093a0a88,Replacement rule 'daft' & 'nonsensical' - Anderson,James Anderson calls the regulations around injury replacements in the County Championship “daft” and “nonsensical”.,https://www.bbc.com/sport/cricket/articles/crrpd8zdeg1o?at_medium=RSS&at_campaign=rss,https://ichef.bbci.co.uk/ace/standard/240/cpsprodpb/ab9f/live/87a1b970-4a2e-11f1-91d3-69962f9a0625.jpg,Sport,Cricket,"[""cricket"", ""sport"", ""ashes"", ""test match""]",2026-05-04T20:58:44,3,False,768
99234059-3d21-411f-9a09-931dfc1486d7,Sutton's predictions v boxing world champion Fabio Wardley,Chris Sutton takes on world champion boxer Fabio Wardley plus the BBC readers and AI with his predictions for this weekend's fixtures.,https://www.bbc.com/sport/football/articles/czr2m1463npo?at_medium=RSS&at_campaign=rss,https://ichef.bbci.co.uk/ace/standard/240/cpsprodpb/ee2e/live/6d90bfd0-49e4-11f1-b55d-0f258dce1735.png,Sport,Football,"[""football"", ""sport"", ""premier league"", ""soccer""]",2026-05-04T21:45:58,7,False,310
cdbb36ed-5097-4281-96c7-8518fd5f52a1,Venus Williams loses 10th straight singles match,Former world number one Venus Williams loses her 10th singles match in a row as she is beaten 6-2 6-4 by Kaitlin Quevedo at the Madrid Open.,https://www.bbc.com/sport/tennis/articles/cdrm76xk000o?at_medium=RSS&at_campaign=rss,https://ichef.bbci.co.uk/ace/standard/240/cpsprodpb/6cab/live/eeb315b0-3da8-11f1-b377-d7765ac78768.jpg,Sport,Tennis,"[""tennis"", ""sport"", ""wimbledon"", ""grand slam""]",2026-05-04T22:18:29,6,False,1155
e6db6a2b-6c45-4e58-97c8-9f110b1e7be7,Why were there no line judges at Wimbledon 2025?,Wimbledon are relying on electronic line calling to judge whether a ball is in or out.,https://www.bbc.com/sport/tennis/articles/cvg7zqyewyqo?at_medium=RSS&at_campaign=rss,https://ichef.bbci.co.uk/ace/standard/240/cpsprodpb/b694/live/dcecd860-4c41-11f0-86d5-3b52b53af158.png,Sport,Tennis,"[""tennis"", ""sport"", ""wimbledon"", ""grand slam""]",2026-05-05T06:05:47,2,False,361
857701bf-2261-4654-8795-fc47b5079d4a,Players will boycott a Slam 'at some point' over prize money demands - Sabalenka,"World number one Aryna Sabalenka believes players will boycott a Grand Slam ""at some point"" because of the ongoing dispute over prize money.",https://www.bbc.com/sport/tennis/articles/cx21klez7ppo?at_medium=RSS&at_campaign=rss,https://ichef.bbci.co.uk/ace/standard/240/cpsprodpb/0e3d/live/a3aaa350-4887-11f1-ac78-2112837ce2aa.jpg,Sport,Tennis,"[""tennis"", ""sport"", ""wimbledon"", ""grand slam""]",2026-05-05T06:11:16,5,False,824
736f3734-f378-4eac-897c-be303eddaa9d,Sawe runs sub-two-hour marathon in London,Kenya's Sabastian Sawe becomes the first person in history to run a sub-two-hour marathon in race conditions as he wins the 2026 London Marathon.,https://www.bbc.com/sport/athletics/videos/cvg3ge9rdxgo?at_medium=RSS&at_campaign=rss,https://ichef.bbci.co.uk/ace/standard/240/cpsprodpb/0d45/live/4ad3dae0-4160-11f1-ac78-2112837ce2aa.jpg,Sport,Athletics,"[""athletics"", ""sport"", ""running"", ""olympics""]",2026-05-05T06:13:19,4,False,929
0271bac6-ae9f-470e-b4cc-3af8f6d72c6b,Who owns the teams competing in The Hundred?,BBC Sport's Ask Me Anything team take a look at who owns each team in The Hundred.,https://www.bbc.com/sport/cricket/articles/cx29w420vp4o?at_medium=RSS&at_campaign=rss,https://ichef.bbci.co.uk/ace/standard/240/cpsprodpb/bec9/live/84933610-f61d-11f0-b385-5f48925de19a.jpg,Sport,Cricket,"[""cricket"", ""sport"", ""ashes"", ""test match""]",2026-05-05T06:17:54,7,False,683
bc920da4-2c1b-4c3f-8120-f9b5d7c16bc9,Two Islamic-State linked Australian women charged with crimes against humanity,A third woman who also returned to Australia from Syria was charged with joining a terrorist organisation.,https://www.bbc.com/news/articles/cdrpx8pl36vo?at_medium=RSS&at_campaign=rss,https://ichef.bbci.co.uk/ace/standard/240/cpsprodpb/207d/live/b6ec8c50-4a79-11f1-b55d-0f258dce1735.jpg,News,World,"[""world"", ""international"", ""global""]",2026-05-05T06:36:18,3,False,936
8c060646-6051-4cbd-9ff5-cf99fd7e04b2,What is Scotland's most iconic goal? This time - Narey v McLean,Vote to find out what goal will be crowned Scotland's greatest.,https://www.bbc.com/sport/football/articles/c98qv7455e9o?at_medium=RSS&at_campaign=rss,https://ichef.bbci.co.uk/ace/standard/240/cpsprodpb/0745/live/fc694250-23dc-11f1-8afd-2d0cf3dc7503.jpg,Sport,Football,"[""football"", ""sport"", ""premier league"", ""soccer""]",2026-05-05T07:19:50,6,False,411
269f5684-8c09-4d10-b2d5-b1a5afddd91b,Is 15-year-old IPL wonderkid ready to play for India?,What makes Indian sensation Vaibhav Sooryavanshi so effective and what could be next for the 15-year-old after his Indian Premier League success?,https://www.bbc.com/sport/cricket/articles/cd6p5vvqne2o?at_medium=RSS&at_campaign=rss,https://ichef.bbci.co.uk/ace/standard/240/cpsprodpb/97f1/live/891f2b60-4962-11f1-a87a-55dfd3c7a311.jpg,Sport,Cricket,"[""cricket"", ""sport"", ""ashes"", ""test match""]",2026-05-05T09:08:02,4,False,1152
4cf6f23a-557e-4b02-8f4f-b43e1d2a300c,Fils continues fine form to win Barcelona title,Arthur Fils continues his excellent recent form since returning from long-term injury by winning the clay-court title in Barcelona.,https://www.bbc.com/sport/tennis/articles/c0rxdz9xqkwo?at_medium=RSS&at_campaign=rss,https://ichef.bbci.co.uk/ace/standard/240/cpsprodpb/12b5/live/a7075b20-3c0b-11f1-891c-affae8f95aa5.jpg,Sport,Tennis,"[""tennis"", ""sport"", ""wimbledon"", ""grand slam""]",2026-05-05T09:50:44,7,False,408
e477ea87-4614-458b-b249-e2c8fe54443f,South East Water boss quits after supply failures,David Hinton faced criticism after outages affected tens of thousands of people in Kent and Sussex.,https://www.bbc.com/news/articles/cn7pxm13lrro?at_medium=RSS&at_campaign=rss,https://ichef.bbci.co.uk/ace/standard/240/cpsprodpb/7f97/live/a1fe8eb0-4ab0-11f1-abbe-696bdf3a3d1b.jpg,Business,Economy,"[""business"", ""economy"", ""finance"", ""markets"", ""companies""]",2026-05-05T10:15:06,6,False,593
d515a92e-b6db-40b5-93aa-0fea3c3f7214,US jet fuel could be used in Europe to ease possible shortages,An international air body suggests wider acceptance of US-grade jet fuel could help to head off any supply problems.,https://www.bbc.com/news/articles/cp8pk2m4nlxo?at_medium=RSS&at_campaign=rss,https://ichef.bbci.co.uk/ace/standard/240/cpsprodpb/f286/live/ba7a9570-4ac3-11f1-9325-ade34e8d64d0.jpg,News,World,"[""world"", ""international"", ""global""]",2026-05-05T10:17:02,4,False,714
0d4dd383-c829-4556-8222-ce5d527e6105,Have all home nations ever played in same World Cup?,"With England and Scotland already qualified for the 2026 World Cup, Wales and Northern Ireland both face European qualifiers in March.",https://www.bbc.com/sport/articles/cpdy58d300zo?at_medium=RSS&at_campaign=rss,https://ichef.bbci.co.uk/ace/standard/240/cpsprodpb/6cbf/live/93632120-28f2-11f1-934f-036468834728.jpg,Sport,Football,"[""football"", ""sport"", ""premier league"", ""soccer""]",2026-05-05T10:40:06,2,False,1015
ef02276d-087e-4905-9ab1-eda4b3cb4c9a,Rebel Wilson accused of 'complete revision of history' as defamation case closes,The Bridesmaids star claims an actress retracted a complaint about sexual harassment by a producer.,https://www.bbc.com/news/articles/cdjpyjy98xyo?at_medium=RSS&at_campaign=rss,https://ichef.bbci.co.uk/ace/standard/240/cpsprodpb/f675/live/0c1cb720-4a9f-11f1-859d-cdc2d74f1ea0.jpg,News,World,"[""world"", ""international"", ""global""]",2026-05-05T10:40:55,4,False,416
a7ddddf9-2d83-4c58-b0d8-4fc009e2794d,Tech Life,"Can pedestrians, runners and cyclists safely share the road with self-driving vehicles?",https://www.bbc.co.uk/sounds/play/w3ct8jxq?at_medium=RSS&at_campaign=rss,https://ichef.bbci.co.uk/images/ic/240x135/p0nddh9q.jpg,Technology,Tech & AI,"[""technology"", ""AI"", ""internet"", ""innovation"", ""data""]",2026-05-05T11:46:28,6,False,1069
e511dc65-b8fe-4f90-81d1-749a67746f3f,Run a marathon? Try 100 in 100 days,Hannah Cox had never run before but set herself a target of 100 marathons in 100 days across India as a 'love letter' to her late father. Here's how she did it.,https://www.bbc.com/sport/articles/c4gxjg35jj4o?at_medium=RSS&at_campaign=rss,https://ichef.bbci.co.uk/ace/standard/240/cpsprodpb/f9be/live/384d5b90-3fcf-11f1-ac78-2112837ce2aa.jpg,Sport,Athletics,"[""athletics"", ""sport"", ""running"", ""olympics""]",2026-05-05T12:48:32,7,False,1009
73339520-8183-480e-b544-66fb955bfbf5,Cardiff sign keeper Trott permanently after loan,Cardiff City sign Nathan Trott permanently on a three-year deal following the goalkeeper's promotion-winning season on loan from Copenhagen.,https://www.bbc.com/sport/football/articles/cy028q40v98o?at_medium=RSS&at_campaign=rss,https://ichef.bbci.co.uk/ace/standard/240/cpsprodpb/2f32/live/364bba80-4867-11f1-804a-9d85b054b34f.jpg,Sport,Football,"[""football"", ""sport"", ""premier league"", ""soccer""]",2026-05-05T13:31:58,5,False,505
feaa24f5-5a5f-469e-8ac4-fa7fceb9bc39,How many points do you need to stay in the Premier League?,BBC Sport's Ask Me Anything team looks into the number of points needed to avoid relegation from the Premier League,https://www.bbc.com/sport/football/articles/cjrj2p1zg3eo?at_medium=RSS&at_campaign=rss,https://ichef.bbci.co.uk/ace/standard/240/cpsprodpb/b5da/live/2e3db050-4795-11f1-bd52-e755d604ece4.jpg,Sport,Football,"[""football"", ""sport"", ""premier league"", ""soccer""]",2026-05-05T13:38:51,4,False,472
156cd246-7edf-46b1-873f-6e28bfec750e,Glamorgan beat Hampshire for first win of season,"Glamorgan earn their first Championship Division One win for 21 years, beating Hampshire by an innings and 69 runs, despite Ben Brown's 96.",https://www.bbc.com/sport/cricket/articles/c7078y062r6o?at_medium=RSS&at_campaign=rss,https://ichef.bbci.co.uk/ace/standard/240/cpsprodpb/9b94/live/cda9ed60-47be-11f1-afe8-8f96a4407135.jpg,Sport,Cricket,"[""cricket"", ""sport"", ""ashes"", ""test match""]",2026-05-05T14:12:07,6,False,409
9b290f3f-3a7d-4675-a0b5-3058ff69fe7f,Russia and Ukraine accuse each other of breaching Victory Day ceasefire,"The two sides report responding to hundreds of drone attacks, just hours into a truce to cover celebrations of the Soviet Union's victory over Nazi Germany.",https://www.bbc.com/news/articles/c202zn5gg0lo?at_medium=RSS&at_campaign=rss,https://ichef.bbci.co.uk/ace/standard/240/cpsprodpb/2140/live/997dd690-4ad0-11f1-ac78-2112837ce2aa.jpg,News,World,"[""world"", ""international"", ""global""]",2026-05-05T14:14:07,7,False,883
484808c4-05c5-4820-8978-6423198afb30,Football club owners in court on rape charges,Maldon & Tiptree owners Barrie Drewitt-Barlow and his husband Scott are remanded in custody.,https://www.bbc.com/news/articles/c4g09pdx82go?at_medium=RSS&at_campaign=rss,https://ichef.bbci.co.uk/ace/standard/240/cpsprodpb/f52c/live/e5c59910-f85b-11f0-933b-47b4ddaac6f0.jpg,News,UK Politics,"[""politics"", ""UK"", ""government"", ""policy""]",2026-05-05T14:20:54,3,False,767
814095cb-549b-4e05-b46d-0a14c4cafd63,FPL talking point: Time to triple captain Haaland?,If you still have your triple captain chip left in Fantasy Premier League then Manchester City - with two home games this week - could be your inspiration.,https://www.bbc.com/sport/football/articles/c202lg07wq8o?at_medium=RSS&at_campaign=rss,https://ichef.bbci.co.uk/ace/standard/240/cpsprodpb/c82e/live/04918940-4964-11f1-a87a-55dfd3c7a311.jpg,Sport,Football,"[""football"", ""sport"", ""premier league"", ""soccer""]",2026-05-05T14:21:39,6,False,840
921b37b3-3fcd-4b51-9c35-2472d3d178b9,Cruise passengers tell of life on board stranded ship after hantavirus outbreak,"While passengers onboard the MV Hondius say the situation is calm, they face days at sea as officials warn the disease may have spread.",https://www.bbc.com/news/articles/clype7ededzo?at_medium=RSS&at_campaign=rss,https://ichef.bbci.co.uk/ace/standard/240/cpsprodpb/6cf1/live/84782870-4929-11f1-bd52-e755d604ece4.jpg,News,Health,"[""health"", ""NHS"", ""medicine"", ""wellbeing""]",2026-05-05T15:38:47,2,False,1131
850ccdbf-0418-449d-8d00-0389aa0b9406,World Cup fans in China and India face broadcast uncertainty,"Broadcasters in the two countries have yet to reach deals with Fifa, just weeks before the tournament is due to start.",https://www.bbc.com/news/articles/cp9py4k8mllo?at_medium=RSS&at_campaign=rss,https://ichef.bbci.co.uk/ace/standard/240/cpsprodpb/81a0/live/9f1663e0-4aa5-11f1-ad34-01f832f4c917.jpg,News,World,"[""world"", ""international"", ""global""]",2026-05-05T16:11:03,7,False,913
4611dcbd-c332-4974-8622-647c175c2e25,Sophie Raworth: 'I hope I can still run in my 80s',Sophie Raworth talks about the need for exercise as we get older.,https://www.bbc.com/news/videos/c93xpvvn3z5o?at_medium=RSS&at_campaign=rss,https://ichef.bbci.co.uk/ace/standard/240/cpsprodpb/79c9/live/7d0547f0-4495-11f1-b4a4-6ff2bccf200b.jpg,News,Health,"[""health"", ""NHS"", ""medicine"", ""wellbeing""]",2026-05-05T16:16:20,3,False,769
cd091445-6c6f-4d42-98ec-0ce7af41e992,"What the Warner Bros deal could mean for streaming, cinemas and news",If Paramount's takeover of Warner Bros goes ahead it could significantly reshape Hollywood.,https://www.bbc.com/news/articles/c20j5n2w4q6o?at_medium=RSS&at_campaign=rss,https://ichef.bbci.co.uk/ace/standard/240/cpsprodpb/abf5/live/5fd30420-1406-11f1-801d-ed3cff6bf876.jpg,Business,Economy,"[""business"", ""economy"", ""finance"", ""markets"", ""companies""]",2026-05-05T16:43:38,6,False,706
acb03600-d05f-475d-b43f-b9a6a1aba518,Newbies Boreham Wood & old-timers Rochdale seek EFL place,Boreham Wood and Rochdale prepare to face off in the National League promotion final at Wembley on Sunday for a place in the EFL.,https://www.bbc.com/sport/football/articles/cp8plp54zx2o?at_medium=RSS&at_campaign=rss,https://ichef.bbci.co.uk/ace/standard/240/cpsprodpb/a166/live/efc86130-4a28-11f1-bd52-e755d604ece4.png,Sport,Football,"[""football"", ""sport"", ""premier league"", ""soccer""]",2026-05-05T16:54:43,5,False,1076
e52d7f38-c587-455e-af3b-558e7ca4d387,Maeda fit as O'Neill prepares for last Old Firm derby,"Martin O'Neill is relishing what is ""most likely"" his final Old Firm match as Celtic chase victory over Rangers to stay in the title hunt.",https://www.bbc.com/sport/football/articles/cx2168w0328o?at_medium=RSS&at_campaign=rss,https://ichef.bbci.co.uk/ace/standard/240/cpsprodpb/4697/live/a1fd7610-4ad8-11f1-941e-d3689d7c57f6.jpg,Sport,Football,"[""football"", ""sport"", ""premier league"", ""soccer""]",2026-05-05T16:55:12,4,False,271
d0579abd-37f9-4544-851c-54e261991b85,The million-euro dressing room row - Real Madrid fine star pair,Real Madrid fine midfielders Aurelien Tchouameni and Federico Valverde following a dressing room row between the pair.,https://www.bbc.com/sport/football/articles/c4gv2rrrzz2o?at_medium=RSS&at_campaign=rss,https://ichef.bbci.co.uk/ace/standard/240/cpsprodpb/1d90/live/e42fa780-4af4-11f1-9c75-d37955007435.png,Sport,Football,"[""football"", ""sport"", ""premier league"", ""soccer""]",2026-05-05T17:21:35,2,False,503
9475ea3d-d5eb-4387-8a39-37951717033e,"Grogu is real star of new Star Wars film, says Pedro Pascal",The Mandalorian and Grogu marks Star Wars' return to cinemas for the first time in more than six years.,https://www.bbc.com/news/articles/c2421d3r736o?at_medium=RSS&at_campaign=rss,https://ichef.bbci.co.uk/ace/standard/240/cpsprodpb/6914/live/d1128640-4a4f-11f1-ac76-69efd0e705cd.jpg,News,UK Politics,"[""politics"", ""UK"", ""government"", ""policy""]",2026-05-05T17:30:35,5,False,799
3958f623-ac78-4bf7-93c4-1c4f91e89534,Nobody can question Hearts' mentality - McInnes,Derek McInnes believes anyone still questioning whether his Heart of Midlothian side have the courage to handle the heat of the Scottish Premiership title race has not been paying attention.,https://www.bbc.com/sport/football/articles/c3v2w65w150o?at_medium=RSS&at_campaign=rss,https://ichef.bbci.co.uk/ace/standard/240/cpsprodpb/2b8d/live/09394150-4a12-11f1-a7ce-b934bcb15ff4.jpg,Sport,Football,"[""football"", ""sport"", ""premier league"", ""soccer""]",2026-05-05T17:46:08,3,False,320
db688165-8fdd-43bd-9d8d-ab293d0012ae,Mo Salah: Never Give Up,The story of Mo Salah’s unlikely rise to global stardom.,https://www.bbc.co.uk/iplayer/episode/m002p54c?at_medium=RSS&at_campaign=rss,https://ichef.bbci.co.uk/images/ic/240x135/p0mmh2ts.jpg,Sport,Football,"[""football"", ""sport"", ""premier league"", ""soccer""]",2026-05-05T18:17:00,7,False,1052
a7b05c03-40aa-4b79-b976-b5f83580da11,The fast bowler coaching others to find 'own pace within',Ex-Derbyshire seamer Dustin Melton tells BBC Radio Shropshire how his personal struggles have helped him coach young fast bowlers.,https://www.bbc.com/sport/cricket/articles/cjwp2dne2yeo?at_medium=RSS&at_campaign=rss,https://ichef.bbci.co.uk/ace/standard/240/cpsprodpb/466a/live/973e8420-493f-11f1-9efe-4f4806f4977a.jpg,Sport,Cricket,"[""cricket"", ""sport"", ""ashes"", ""test match""]",2026-05-05T19:17:02,2,False,933
8ba36d9e-7bb8-4b9c-9233-0f2dd9ef02b5,'I did not expect it': Sawe's jubilant Kenya homecoming after marathon feat,The first man to run a marathon in under two hours in a competitive race received a hero's welcome from supporters and family when he arrived home.,https://www.bbc.com/news/articles/cddp4y0rzjdo?at_medium=RSS&at_campaign=rss,https://ichef.bbci.co.uk/ace/standard/240/cpsprodpb/914e/live/c21ba570-4420-11f1-ac78-2112837ce2aa.jpg,Sport,Athletics,"[""athletics"", ""sport"", ""running"", ""olympics""]",2026-05-05T19:31:38,2,False,782
1995080c-6e83-4927-bc61-7802c1714654,US judge releases Jeffrey Epstein's purported suicide note,"Epstein's former cellmate claims he found the note, which has not been verified by the BBC.",https://www.bbc.com/news/articles/cd7pd0rqwreo?at_medium=RSS&at_campaign=rss,https://ichef.bbci.co.uk/ace/standard/240/cpsprodpb/da69/live/1e350b00-48b1-11f1-90e6-350a323e11ac.jpg,News,World,"[""world"", ""international"", ""global""]",2026-05-05T19:38:38,7,False,954
de4c155c-ca7c-4eb5-abde-b0834d172ea7,Crowds cheer China's new snooker star on return from championship win,"Wu Yize, 22, receives a rock star's welcome after becoming second-youngest player to win a world title.",https://www.bbc.com/news/articles/c62ex9ykl53o?at_medium=RSS&at_campaign=rss,https://ichef.bbci.co.uk/ace/standard/240/cpsprodpb/770e/live/d56143c0-4a4b-11f1-ac78-2112837ce2aa.jpg,News,World,"[""world"", ""international"", ""global""]",2026-05-05T20:04:43,7,False,824
24f302a2-1a2e-46e9-b6d1-06286905489e,Families of IRA men shot dead reach settlements for damages,"Brian Campbell, 19, and Colm McGirr, 23, were shot dead after the SAS mounted an operation at the scene of an arms dump in December 1983.",https://www.bbc.com/news/articles/cd7pve83z2po?at_medium=RSS&at_campaign=rss,https://ichef.bbci.co.uk/ace/standard/240/cpsprodpb/ce19/live/b52f5f70-4adb-11f1-b55d-0f258dce1735.jpg,News,UK Politics,"[""politics"", ""UK"", ""government"", ""policy""]",2026-05-05T20:15:48,7,False,915
4c02a398-c76c-411a-a067-b0c3bae4bcf4,Durham bring in Olivier to replace injured Roach,Durham sign South Africa fast bowler Duanne Olivier for the remainder of the County Championship as replacement for injured Kemar Roach.,https://www.bbc.com/sport/cricket/articles/c5y9xvlvjlzo?at_medium=RSS&at_campaign=rss,https://ichef.bbci.co.uk/ace/standard/240/cpsprodpb/51b4/live/3eee62c0-4969-11f1-a87a-55dfd3c7a311.jpg,Sport,Cricket,"[""cricket"", ""sport"", ""ashes"", ""test match""]",2026-05-05T20:15:54,7,False,356
60281b46-cab1-43da-b538-3ac9d088d434,Why resolute Arsenal will believe prolific PSG can be beaten in final,"With Paris St-Germain waiting in the Champions League final, will Arsenal withstand the firepower of one of Europe's most formidable attacks and lift the trophy for the first time on 30 May?",https://www.bbc.com/sport/football/articles/ckgpxp9q8yno?at_medium=RSS&at_campaign=rss,https://ichef.bbci.co.uk/ace/standard/240/cpsprodpb/c422/live/943ce2a0-499c-11f1-b55d-0f258dce1735.jpg,Sport,Football,"[""football"", ""sport"", ""premier league"", ""soccer""]",2026-05-05T20:54:19,5,False,1174
01c33bb3-ae41-434d-a21b-8d3464ed2818,Inside Health,James Gallagher is joined by experts to answer key questions on the meningitis outbreak.,https://www.bbc.co.uk/sounds/play/m002t18t?at_medium=RSS&at_campaign=rss,https://ichef.bbci.co.uk/images/ic/240x135/p0m1r8h6.jpg,News,Health,"[""health"", ""NHS"", ""medicine"", ""wellbeing""]",2026-05-05T21:30:15,3,False,381
db5a9e1b-1e67-46a9-aacd-d4471e5d0a50,"'I thought he was going to hit me,' OpenAI co-founder says of Musk",OpenAI president Greg Brockman spoke during the second week of a month-long trial between Elon Musk and OpenAI's Sam Altman.,https://www.bbc.com/news/articles/cn7pg8ymgezo?at_medium=RSS&at_campaign=rss,https://ichef.bbci.co.uk/ace/standard/240/cpsprodpb/13b7/live/32cb10e0-48b7-11f1-90e6-350a323e11ac.jpg,Business,Economy,"[""business"", ""economy"", ""finance"", ""markets"", ""companies""]",2026-05-05T21:32:09,6,False,505
ff25b383-7d52-4425-bcc5-ec292d8980e9,"Man who fed drugs to girl, 4, dies in prison",John Rytting was serving a sentence after the death of Poppy Widdison in Grimsby in 2013.,https://www.bbc.com/news/articles/cx218knkgryo?at_medium=RSS&at_campaign=rss,https://ichef.bbci.co.uk/ace/standard/240/cpsprodpb/27e3/live/9a6e75f0-4ac1-11f1-b55d-0f258dce1735.jpg,News,UK Politics,"[""politics"", ""UK"", ""government"", ""policy""]",2026-05-05T21:54:20,5,False,853
3c36f70e-d99c-4cee-ab09-473c52d31363,Pupils release butterflies for David Attenborough,Children release 100 butterflies at a Warwickshire farm for the broadcaster's centennial.,https://www.bbc.com/news/articles/cz62d15lvq9o?at_medium=RSS&at_campaign=rss,https://ichef.bbci.co.uk/ace/standard/240/cpsprodpb/2894/live/40503e90-4adb-11f1-941e-d3689d7c57f6.jpg,Science,Environment,"[""science"", ""climate"", ""environment"", ""nature"", ""research""]",2026-05-05T22:09:53,2,False,516
1a5ebfc8-efef-4755-bc9a-c2bde0b8d449,Appeal after car driven towards Jewish children,A car allegedly drives towards a group of Jewish pupils waiting to cross a road in north London.,https://www.bbc.com/news/articles/cwy2dwpdxz8o?at_medium=RSS&at_campaign=rss,https://ichef.bbci.co.uk/ace/standard/240/cpsprodpb/01fe/live/4a0de490-49ec-11f1-9921-0be54b6c608a.png,News,UK Politics,"[""politics"", ""UK"", ""government"", ""policy""]",2026-05-05T22:12:05,4,False,409
93d361f5-ef21-4b83-ab60-20b07f1274b7,Oil prices drop and stock markets rise after reports of deal to end Iran war,Reports have raised hopes of an agreement between the US and Iran after days of escalation.,https://www.bbc.com/news/articles/c4g8zejyyr3o?at_medium=RSS&at_campaign=rss,https://ichef.bbci.co.uk/ace/standard/240/cpsprodpb/b9c5/live/5a6e0e90-4966-11f1-ac78-2112837ce2aa.jpg,Business,Economy,"[""business"", ""economy"", ""finance"", ""markets"", ""companies""]",2026-05-05T22:24:29,3,False,1073
f0acf6b1-89b7-422a-b2a4-087ed63598cc,Three dead after volcano erupts on Indonesian island,Officials had previously issued warnings on climbing the active volcano due to safety concerns.,https://www.bbc.com/news/articles/cp3p418x513o?at_medium=RSS&at_campaign=rss,https://ichef.bbci.co.uk/ace/standard/240/cpsprodpb/3ddd/live/759b6a70-4abd-11f1-aa18-a5969e596c8c.jpg,News,World,"[""world"", ""international"", ""global""]",2026-05-05T22:38:18,7,False,483
6ff0cb65-239e-4e1f-bd88-344d73361ff4,"All done deals since February, including deadline day","Check out the significant signings and departures in the Premier League, Scottish Premiership, EFL and Women's Super League.",https://www.bbc.com/sport/football/articles/cy59zrq4ywgo?at_medium=RSS&at_campaign=rss,https://ichef.bbci.co.uk/ace/standard/240/cpsprodpb/aec0/live/fd14b290-e25e-11ef-a819-277e390a7a08.jpg,Sport,Football,"[""football"", ""sport"", ""premier league"", ""soccer""]",2026-05-06T06:53:42,5,False,963
480b3367-1887-44a2-aae3-079c56abdccf,Tailenders,"Issy Wong makes England’s T20 World Cup - waiting for the call, bootcamp chaos and more!",https://www.bbc.co.uk/sounds/play/p0njxkl3?at_medium=RSS&at_campaign=rss,https://ichef.bbci.co.uk/images/ic/240x135/p0lygcpm.jpg,Sport,Cricket,"[""cricket"", ""sport"", ""ashes"", ""test match""]",2026-05-06T07:19:31,2,False,1150
e63c4a9d-d0a6-4a38-bcd8-2e4ef31d2fb9,Mother and baby mental health unit to go ahead,Mike Nesbitt says Northern Ireland's first regional mother and baby unit in should open within the next three years.,https://www.bbc.com/news/articles/c3v2k16vd17o?at_medium=RSS&at_campaign=rss,https://ichef.bbci.co.uk/ace/standard/240/cpsprodpb/d681/live/5c147950-4489-11f1-86f6-afbce44c0b18.jpg,News,Health,"[""health"", ""NHS"", ""medicine"", ""wellbeing""]",2026-05-06T07:29:05,6,False,1030
3dd22dfe-3131-4ab2-9e65-7d3486f0a412,Who has qualified for next season's Champions League?,BBC Sport's Ask Me Anything team explains which teams have already qualified for the 2026-27 edition of the Champions League.,https://www.bbc.com/sport/football/articles/crl177pxrl4o?at_medium=RSS&at_campaign=rss,https://ichef.bbci.co.uk/ace/standard/240/cpsprodpb/108b/live/1a31c9d0-4712-11f1-bd52-e755d604ece4.jpg,Sport,Football,"[""football"", ""sport"", ""premier league"", ""soccer""]",2026-05-06T07:58:38,6,False,927
470a8a6c-c3a7-4e1d-ac32-3b27a10130b2,'I'd rather live in hiding in the US than return to Somalia',Fear and uncertainty linger for Somali migrants in Minnesota despite a legal reprieve.,https://www.bbc.com/news/articles/cvgz3l4zyq4o?at_medium=RSS&at_campaign=rss,https://ichef.bbci.co.uk/ace/standard/240/cpsprodpb/e658/live/a100a770-43f1-11f1-b55d-0f258dce1735.jpg,News,World,"[""world"", ""international"", ""global""]",2026-05-06T08:10:15,6,False,1147
f5b25bcd-014e-47e8-b4a7-8c2d9a2ad80e,Ian Watkins threatened days before stabbing - court,"The paedophile singer was bullied for money shortly before his death at HMP Wakefield, court hears.",https://www.bbc.com/news/articles/c1d2r4xq1w1o?at_medium=RSS&at_campaign=rss,https://ichef.bbci.co.uk/ace/standard/240/cpsprodpb/dd93/live/cff02cb0-a6c4-11f0-92db-77261a15b9d2.jpg,News,UK Politics,"[""politics"", ""UK"", ""government"", ""policy""]",2026-05-06T08:17:56,6,False,453
93a3333d-6fe2-475e-bce6-8a971aa5461d,Scotland's islands: the ultimate slow travel escape,"The Outer Hebrides, Orkney and Shetland offer wild landscapes and genuine solitude for those willing to make the journey.",https://www.bbc.com/travel/article/20240401-scotlands-islands-the-ultimate-slow-travel-escape,,Travel,UK Travel,"[""travel"", ""scotland"", ""UK"", ""islands"", ""nature""]",2026-05-06T08:33:34,5,False,835
d000d467-5986-4f20-8465-ab014508bb54,Wayne Rooney Show - what really happened at Derby?,"Wayne meets Phil Jagielka, from their playing days to surviving Derby County chaos.",https://www.bbc.co.uk/sounds/play/p0nh9bsg?at_medium=RSS&at_campaign=rss,https://ichef.bbci.co.uk/images/ic/240x135/p0lxths6.jpg,Sport,Football,"[""football"", ""sport"", ""premier league"", ""soccer""]",2026-05-06T08:39:55,3,False,682
30bd7620-ed7f-46e3-8e86-4f4d70215174,Murray retires after 'tough year of tennis',"Seven-time Grand Slam champion Jamie Murray retires from tennis, saying he had no desire to return to the sport and has no regrets.",https://www.bbc.com/sport/tennis/videos/cwyxx81y0wlo?at_medium=RSS&at_campaign=rss,https://ichef.bbci.co.uk/ace/standard/240/cpsprodpb/2fe6/live/5f052d30-38ef-11f1-879d-1b2f5c3919b8.jpg,Sport,Tennis,"[""tennis"", ""sport"", ""wimbledon"", ""grand slam""]",2026-05-06T09:20:27,3,False,1004
8f4b8c8f-ed1d-4af3-a400-1d7cd76cfa40,'Point of the match!' - Sabalenka hits 'amazing' winner against Kyrgios,Aryna Sabalenka hits an 'amazing' return against Nick Kyrgios at the Battle of the Sexes in Dubai.,https://www.bbc.com/sport/tennis/videos/c8dyvzlpm3ro?at_medium=RSS&at_campaign=rss,https://ichef.bbci.co.uk/ace/standard/240/cpsprodpb/dc3b/live/a5b4bae0-e410-11f0-b67b-690eb873de1b.jpg,Sport,Tennis,"[""tennis"", ""sport"", ""wimbledon"", ""grand slam""]",2026-05-06T09:22:54,2,False,925
5e37a8f8-2b3a-4bbd-a07f-d6c92952fda9,Rosenberg: Russia's Victory Day parade with no tanks a sign Ukraine war not going to plan,"For the first time in nearly two decades, there will be no military hardware, just soldiers during Saturday's parade in Moscow.",https://www.bbc.com/news/articles/cwy2gj2jlr8o?at_medium=RSS&at_campaign=rss,https://ichef.bbci.co.uk/ace/standard/240/cpsprodpb/abcc/live/8dc39600-4a3a-11f1-bd52-e755d604ece4.jpg,News,World,"[""world"", ""international"", ""global""]",2026-05-06T09:48:13,4,False,317
b4cebfec-d3b8-40f6-af2f-90e8ae3101b9,BBC Inside Science,We explore whether Pluto should regain its title as the solar system’s ninth planet,https://www.bbc.co.uk/sounds/play/w3ct977k?at_medium=RSS&at_campaign=rss,https://ichef.bbci.co.uk/images/ic/240x135/p0m1ww2j.jpg,Science,Environment,"[""science"", ""climate"", ""environment"", ""nature"", ""research""]",2026-05-06T10:48:45,2,False,886
1161ad0f-0ed3-4f29-bdca-99fc7fb6c94f,"Strategic Timeout: Wood on England, IPL and handling pressure",England fast bowler Mark Wood joins the team to discuss the biggest stories in the IPL.,https://www.bbc.co.uk/iplayer/episode/m002wlgz?at_medium=RSS&at_campaign=rss,https://ichef.bbci.co.uk/images/ic/240x135/p0njdvjx.jpg,Sport,Cricket,"[""cricket"", ""sport"", ""ashes"", ""test match""]",2026-05-06T10:56:26,4,False,876
59ea7631-a641-4f69-ac64-f636c34a5d59,'I take marathon training seriously - but Ramadan is more important',A marathon training block is tough enough. Fasting while preparing to take on the world's best at the London Marathon is harder still.,https://www.bbc.com/sport/athletics/articles/c1e9vqn4xd6o?at_medium=RSS&at_campaign=rss,https://ichef.bbci.co.uk/ace/standard/240/cpsprodpb/73a1/live/c2673540-16ed-11f1-a694-e5c2b699acf9.jpg,Sport,Athletics,"[""athletics"", ""sport"", ""running"", ""olympics""]",2026-05-06T11:04:32,3,False,773
be6397e8-ab91-445e-8758-f6431f6c2cdc,How Lens embraced underdog status to become PSG's title rivals,"Lens have pushed PSG closer than anyone in Ligue 1 this season and, with the sides still to meet again, still hold an outside shot at the title.",https://www.bbc.com/sport/football/articles/cdxdeyrgze4o?at_medium=RSS&at_campaign=rss,https://ichef.bbci.co.uk/ace/standard/240/cpsprodpb/27f1/live/c27a7780-342b-11f1-a207-8b959fccb503.jpg,Sport,Football,"[""football"", ""sport"", ""premier league"", ""soccer""]",2026-05-06T11:12:08,3,False,663
d9d5974b-52a4-4bbf-9608-756ac3f1c99d,Could weight-loss jabs be behind rising gallbladder removals?,"Last year, there was a 15% annual increase in the operations and surgeons want more research.",https://www.bbc.com/news/articles/cm24evgyyzpo?at_medium=RSS&at_campaign=rss,https://ichef.bbci.co.uk/ace/standard/240/cpsprodpb/5b72/live/48c18280-fb8c-11f0-87d6-bd5fe34f0b33.jpg,News,Health,"[""health"", ""NHS"", ""medicine"", ""wellbeing""]",2026-05-06T11:21:26,5,False,253
fb1e15bd-c86d-42f2-bef3-3ca89802c706,Should you really trust health advice from an AI chatbot?,Abi has had very mixed results when asking a chatbot for guidance about her health issues.,https://www.bbc.com/news/articles/clyepyy82kxo?at_medium=RSS&at_campaign=rss,https://ichef.bbci.co.uk/ace/standard/240/cpsprodpb/dbcd/live/93df4d00-3a6c-11f1-9368-ddaac8cf7f1d.jpg,News,Health,"[""health"", ""NHS"", ""medicine"", ""wellbeing""]",2026-05-06T11:30:33,7,False,367
6af0d6b5-c950-4032-9123-795d55caa21a,'I am so happy' - Sawe reacts to record-breaking marathon win,Sabastian Sawe speaks with BBC Sport's Gabby Logan after the Kenyan became the first person in history to run a sub-two-hour marathon in race conditions to win the 2026 London Marathon.,https://www.bbc.com/sport/athletics/videos/cz676p3wp8po?at_medium=RSS&at_campaign=rss,https://ichef.bbci.co.uk/ace/standard/240/cpsprodpb/9923/live/e6e83b60-417e-11f1-bd52-e755d604ece4.jpg,Sport,Athletics,"[""athletics"", ""sport"", ""running"", ""olympics""]",2026-05-06T12:49:08,2,False,987
80aa1a2b-7ffb-4758-9580-53be858f8ad4,Glasner's long Palace goodbye sets up 'perfect' finale,"Crystal Palace desperately did not want to be in the Conference League - now they are one game from winning it and creating more club history and a ""perfect"" finale for boss Oliver Glasner.",https://www.bbc.com/sport/football/articles/cdepl8k6y5no?at_medium=RSS&at_campaign=rss,https://ichef.bbci.co.uk/ace/standard/240/cpsprodpb/73fd/live/511ab790-4a5f-11f1-a4c0-1961880a461f.jpg,Sport,Football,"[""football"", ""sport"", ""premier league"", ""soccer""]",2026-05-06T13:33:26,3,False,444
cb1fd9db-21fd-4320-a45b-ea27078f51f9,Why Spurs fans face Arsenal dilemma,Why Sunday's Premier League game between West Ham and Arsenal could be viewed as a nightmare for Tottenham - whatever the result.,https://www.bbc.com/sport/football/articles/cy42l7jz7q2o?at_medium=RSS&at_campaign=rss,https://ichef.bbci.co.uk/ace/standard/240/cpsprodpb/c673/live/63e07870-49f0-11f1-9921-0be54b6c608a.jpg,Sport,Football,"[""football"", ""sport"", ""premier league"", ""soccer""]",2026-05-06T13:36:24,6,False,817
9939dbb6-122a-4708-aa24-081a72a88cdd,Watch: Drone delivers first Amazon parcels in UK,The tech giant says it hopes to slowly expand the service as the demand for ultra-fast deliveries grows.,https://www.bbc.com/news/videos/c0l21992z75o?at_medium=RSS&at_campaign=rss,https://ichef.bbci.co.uk/ace/standard/240/cpsprodpb/de78/live/3da3f970-4a0e-11f1-bd52-e755d604ece4.jpg,News,UK Politics,"[""politics"", ""UK"", ""government"", ""policy""]",2026-05-06T13:46:26,3,False,1031
e0e33b6d-d252-403e-a33b-d822dc32237d,Frank's downfall: Inside his struggle to get players and fans onboard,Thomas Frank has been sacked as Tottenham manager after just eight months in charge. BBC Sport's Sami Mokbel takes a closer look at his tenure.,https://www.bbc.com/sport/football/articles/cgmlv9d3k7no?at_medium=RSS&at_campaign=rss,https://ichef.bbci.co.uk/ace/standard/240/cpsprodpb/93eb/live/9869ca30-0803-11f1-9972-d3f265c101c6.png,Sport,Football,"[""football"", ""sport"", ""premier league"", ""soccer""]",2026-05-06T13:55:43,7,False,571
edcb1b47-ff71-4e7a-b668-d473734fc2d5,GB's Kartal runs Navarro close in BJK Cup semi-final,"A battling Sonay Kartal falls to the United States' Emma Navarro, as Great Britain go 1-0 down in the semi-finals of the Billie Jean King Cup.",https://www.bbc.com/sport/tennis/videos/c4g55v3drjro?at_medium=RSS&at_campaign=rss,https://ichef.bbci.co.uk/ace/standard/240/cpsprodpb/0791/live/dd0c8a90-961d-11f0-9cf6-cbf3e73ce2b9.jpg,Sport,Tennis,"[""tennis"", ""sport"", ""wimbledon"", ""grand slam""]",2026-05-06T14:01:11,7,False,771
3fca11dc-50d9-495b-9e71-9af9b30f7a31,Cherki your man for double gameweek 36 - FPL team of the week,"This week is the final double gameweek of the FPL season, with Manchester City and Crystal Palace both playing twice, so tripling up on Pep Guardiola's side is essential.",https://www.bbc.com/sport/football/articles/ckgpvdd7vv1o?at_medium=RSS&at_campaign=rss,https://ichef.bbci.co.uk/ace/standard/240/cpsprodpb/b4e1/live/53184410-4724-11f1-ac78-2112837ce2aa.jpg,Sport,Football,"[""football"", ""sport"", ""premier league"", ""soccer""]",2026-05-06T14:29:16,6,False,350
a132318d-01b7-4c94-9208-c94790510bf2,When is the next Ashes series?,Our Ask Me Anything team explore when the next Ashes series will be and what venues have been selected.,https://www.bbc.com/sport/cricket/articles/cql4dv4yxg9o?at_medium=RSS&at_campaign=rss,https://ichef.bbci.co.uk/ace/standard/240/cpsprodpb/3893/live/344a1930-eb14-11f0-a422-4ba8a094a8fa.jpg,Sport,Cricket,"[""cricket"", ""sport"", ""ashes"", ""test match""]",2026-05-06T14:51:11,2,False,591
6931d8c3-9362-42fd-8c1e-186e4a177c33,Chelsea favourites to sign Shaw as Man City exit nears,Chelsea are favourites to sign striker Khadija Shaw on a free contract as an exit from Manchester City nears this summer.,https://www.bbc.com/sport/football/articles/c142jm21kk5o?at_medium=RSS&at_campaign=rss,https://ichef.bbci.co.uk/ace/standard/240/cpsprodpb/8ec3/live/c4f30ce0-4a09-11f1-9595-b54f38a93bc1.jpg,Sport,Football,"[""football"", ""sport"", ""premier league"", ""soccer""]",2026-05-06T14:53:10,6,False,858
c47d9e2c-7ed2-4be6-a007-45dcd98f7268,Buckley named Bristol City Women CEO,Bristol City Women appoint Hannah Buckley as their new chief executive officer.,https://www.bbc.com/sport/football/articles/cdep222p79wo?at_medium=RSS&at_campaign=rss,https://ichef.bbci.co.uk/ace/standard/240/cpsprodpb/679f/live/38f22bf0-4ae4-11f1-8c8d-458160734f59.jpg,Sport,Football,"[""football"", ""sport"", ""premier league"", ""soccer""]",2026-05-06T14:58:52,2,False,679
7309249a-7a08-4063-babb-efec06356eab,Hospitals coping well with doctors' strike so far - NHS boss,Resident doctors in England – the new name for junior doctors – are taking part in their 15th walkout in a long-running pay dispute.,https://www.bbc.com/news/articles/clyrzrp0x5go?at_medium=RSS&at_campaign=rss,https://ichef.bbci.co.uk/ace/standard/240/cpsprodpb/6538/live/e8a44600-3356-11f1-9d5c-8ba507d7dbde.jpg,News,Health,"[""health"", ""NHS"", ""medicine"", ""wellbeing""]",2026-05-06T15:32:45,2,False,1028
4cb18a91-ba08-403e-b5f5-9dd48d0c755a,Marco Rubio meets Pope Leo amid tensions with Trump over Iran war,"Leo, the first American pontiff, drew Trump's ire after becoming a firm critic of the war and the administration's hardline immigration policies.",https://www.bbc.com/news/videos/cq8py99p2jzo?at_medium=RSS&at_campaign=rss,https://ichef.bbci.co.uk/ace/standard/240/cpsprodpb/e532/live/25169120-4a49-11f1-b55d-0f258dce1735.jpg,News,World,"[""world"", ""international"", ""global""]",2026-05-06T15:44:55,3,False,502
32027402-7436-47a3-ad5d-0caaa76b4255,Why did Bayern Munich players wear cockatoo T-shirts?,Bayern Munich's players celebrated their 35th German top-flight title on Sunday with T-shirts displaying a cockatoo,https://www.bbc.com/sport/football/articles/c9vl4lyd4jzo?at_medium=RSS&at_campaign=rss,https://ichef.bbci.co.uk/ace/standard/240/cpsprodpb/ab18/live/2d5f96c0-3c9c-11f1-8606-05fe34b06e1b.jpg,Sport,Football,"[""football"", ""sport"", ""premier league"", ""soccer""]",2026-05-06T15:49:51,3,False,444
2aed093c-ffc2-45fb-874b-d74fbb117a57,Iraola top of Palace shortlist for new manager,Bournemouth manager Andoni Iraola heads Crystal Palace's shortlist of candidates to replace outgoing head coach Oliver Glasner next season.,https://www.bbc.com/sport/football/articles/c2d2eeknkjxo?at_medium=RSS&at_campaign=rss,https://ichef.bbci.co.uk/ace/standard/240/cpsprodpb/9ef8/live/e107fb50-4aec-11f1-95d5-c35bb50319f8.jpg,Sport,Football,"[""football"", ""sport"", ""premier league"", ""soccer""]",2026-05-06T15:53:37,7,False,915
3e3eb82b-71b2-4643-809f-763a9be56a25,GB's Kartal dominates Shibahara in BJK Cup match win,"Watch the best shots, as Sonay Kartal beats Ena Shibahara of Japan to give Great Britain a 1-0 lead in their Billie Jean King Cup quarter-final tie.",https://www.bbc.com/sport/tennis/videos/c3dr17kp49eo?at_medium=RSS&at_campaign=rss,https://ichef.bbci.co.uk/ace/standard/240/cpsprodpb/8645/live/34308c80-948a-11f0-84c8-99de564f0440.jpg,Sport,Tennis,"[""tennis"", ""sport"", ""wimbledon"", ""grand slam""]",2026-05-06T15:58:21,6,False,589
9e4ce7c1-1c3e-49d0-adff-46d38e8f59df,England's Kemp never considered future during injury woe,England all-rounder Freya Kemp says she did not consider retirement or continuing her career solely as a batter during her recent injury woes.,https://www.bbc.com/sport/cricket/articles/cpwpdpqd0z0o?at_medium=RSS&at_campaign=rss,https://ichef.bbci.co.uk/ace/standard/240/cpsprodpb/928e/live/1c2ff140-4a27-11f1-b55d-0f258dce1735.jpg,Sport,Cricket,"[""cricket"", ""sport"", ""ashes"", ""test match""]",2026-05-06T17:06:43,2,False,259
4769019d-5b48-477b-a7b9-67cb080657c1,The world's most beautiful train journeys,"From the Swiss Alps to the Scottish Highlands, these rail routes offer scenery that no flight could ever match.",https://www.bbc.com/travel/article/20240101-the-worlds-most-beautiful-train-journeys,,Travel,Adventure,"[""travel"", ""trains"", ""adventure"", ""scenery""]",2026-05-06T17:15:36,6,False,603
bb8163b1-be77-4842-834f-f5dd7a54756a,From scientist to silk farmer: India's silk industry renewal,Silk production is an increasingly high-tech business in India.,https://www.bbc.com/news/articles/c0e7le127v5o?at_medium=RSS&at_campaign=rss,https://ichef.bbci.co.uk/ace/standard/240/cpsprodpb/c23c/live/e999b7d0-2e9b-11f1-a79a-77e93010d956.jpg,Business,Economy,"[""business"", ""economy"", ""finance"", ""markets"", ""companies""]",2026-05-06T17:23:58,7,False,1163
3fd29ffe-3198-42b0-8c47-346976e6e339,Ex-Australia cricketer Warner accepts  decision to drink and drive was 'foolish',"David Warner will be ""accepting responsibility"" after he was charged last month, his lawyer says.",https://www.bbc.com/news/articles/cq8py350p9do?at_medium=RSS&at_campaign=rss,https://ichef.bbci.co.uk/ace/standard/240/cpsprodpb/c159/live/ac0e5960-3275-11f1-b297-95b0a0a8331e.jpg,Sport,Cricket,"[""cricket"", ""sport"", ""ashes"", ""test match""]",2026-05-06T17:42:47,5,False,1103
824beb6b-fa7c-42c7-b117-f752e582177a,'No substitutes in tennis' - why are so many British players injured?,British tennis players have struggled with injuries throughout the clay-court season - but why?,https://www.bbc.com/sport/tennis/articles/cd6p43qgypgo?at_medium=RSS&at_campaign=rss,https://ichef.bbci.co.uk/ace/standard/240/cpsprodpb/e7ed/live/0ba08490-4926-11f1-b55d-0f258dce1735.jpg,Sport,Tennis,"[""tennis"", ""sport"", ""wimbledon"", ""grand slam""]",2026-05-06T17:50:50,7,False,702
79cc149b-e981-4c98-8ae8-d0680d5204ff,Man arrested for selling Morgan McSweeney's stolen phone,McSweeney was the prime minister's chief of staff in October 2025 when his government phone was stolen in London.,https://www.bbc.com/news/articles/cpvp48x2d70o?at_medium=RSS&at_campaign=rss,https://ichef.bbci.co.uk/ace/standard/240/cpsprodpb/6f9c/live/b52e6000-4a15-11f1-b55d-0f258dce1735.jpg,News,UK Politics,"[""politics"", ""UK"", ""government"", ""policy""]",2026-05-06T17:51:16,2,False,1027
314245e3-8c3a-4fbf-9503-2397ef98250a,Scammers are becoming ever more sophisticated - this is what the fightback looks like,Scams have exploded over the last few years. Can countries and companies come together to turn the tables on the scammers?,https://www.bbc.com/news/articles/cj60pl5g4z4o?at_medium=RSS&at_campaign=rss,https://ichef.bbci.co.uk/ace/standard/240/cpsprodpb/79f2/live/4c3e0ce0-3a47-11f1-8606-05fe34b06e1b.jpg,Business,Economy,"[""business"", ""economy"", ""finance"", ""markets"", ""companies""]",2026-05-06T18:08:38,4,False,700
07cebfa6-8859-4304-a428-6bf7efed74db,England 2006: The Golden Generation - watch trailer,The summer of 2006 was meant to be England’s moment. So why did their World Cup dream end in on-field agony and off-field acrimony?,https://www.bbc.com/sport/football/videos/c0j2wvxpq7lo?at_medium=RSS&at_campaign=rss,https://ichef.bbci.co.uk/ace/standard/240/cpsprodpb/c76a/live/64580b20-449a-11f1-bd52-e755d604ece4.jpg,Sport,Football,"[""football"", ""sport"", ""premier league"", ""soccer""]",2026-05-06T18:24:42,3,False,319
e83b838d-0fb2-4452-b699-804be122e041,Is running bad for your knees? The truth behind the claims,The London Marathon has got people hyped about running - but is it ACTUALLY good for you?,https://www.bbc.co.uk/bitesize/articles/zfkgs82?at_medium=RSS&at_campaign=rss,https://ichef.bbci.co.uk/images/ic/480xn/p0ng2myz.png,Sport,Athletics,"[""athletics"", ""sport"", ""running"", ""olympics""]",2026-05-06T18:34:45,5,False,963
1bfb5096-25f8-400e-92bb-93e331fdbb32,How did Sheffield Wednesday avoid 15-point deduction?,Sheffield Wednesday fans thought their team would start next season on -15 points. Now they know they will start on zero - and here's why.,https://www.bbc.com/sport/football/articles/cz72vjp382go?at_medium=RSS&at_campaign=rss,https://ichef.bbci.co.uk/ace/standard/240/cpsprodpb/b219/live/8a172420-495b-11f1-8771-e5d61459659d.jpg,Sport,Football,"[""football"", ""sport"", ""premier league"", ""soccer""]",2026-05-06T18:36:22,5,False,521
4f099645-b5a1-4973-914f-08f2c77b4912,Assefa breaks her own world record to win London Marathon,"Ethiopia's Tigst Assefa breaks her women's world record with a time of two hours 15 minutes and 40 seconds, to win her second consecutive London Marathon.",https://www.bbc.com/sport/athletics/videos/crr1r0z9x2go?at_medium=RSS&at_campaign=rss,https://ichef.bbci.co.uk/ace/standard/240/cpsprodpb/874e/live/df0e8560-4161-11f1-b55d-0f258dce1735.jpg,Sport,Athletics,"[""athletics"", ""sport"", ""running"", ""olympics""]",2026-05-06T18:38:03,4,False,888
4028d607-42ab-4914-a0f6-5431489009d0,How Villa could get sixth into the Champions League,A host of Premier League clubs will be backing Aston Villa to win the Europa League - as it could secure Champions League qualification for whoever finishes sixth.,https://www.bbc.com/sport/football/articles/cewpkpdgllro?at_medium=RSS&at_campaign=rss,https://ichef.bbci.co.uk/ace/standard/240/cpsprodpb/a88c/live/14383ad0-39d6-11f1-a1b6-b76b3bf64711.jpg,Sport,Football,"[""football"", ""sport"", ""premier league"", ""soccer""]",2026-05-06T18:39:43,3,False,535
af446c27-803b-477a-9f31-10492c1dc53d,Chance for Millwall's class of 2026 to match 1988 heroes,"The Lions' journey from relegation in 1989-90 to now has been one of relegations, promotions and tragedy.",https://www.bbc.com/sport/football/articles/cge03dqjwepo?at_medium=RSS&at_campaign=rss,https://ichef.bbci.co.uk/ace/standard/240/cpsprodpb/64de/live/2ca3c250-49f9-11f1-ac78-2112837ce2aa.png,Sport,Football,"[""football"", ""sport"", ""premier league"", ""soccer""]",2026-05-06T18:41:05,5,False,498
d25bd8d3-9863-4902-be21-f0820b7d670f,University explores endometriosis and cancer link,The condition affects one in 10 women in the UK and can cause debilitating pain and infertility.,https://www.bbc.com/news/articles/c1m2n2rg0xlo?at_medium=RSS&at_campaign=rss,https://ichef.bbci.co.uk/ace/standard/240/cpsprodpb/6e10/live/aab292a0-4a1e-11f1-97c6-d32d5f1a58f0.jpg,News,Health,"[""health"", ""NHS"", ""medicine"", ""wellbeing""]",2026-05-06T18:52:48,7,False,519
b2dfde11-497c-489e-8661-a56095043db1,'How dare you' - Hassan reacts to Sawe's record-breaking victory,"2023 London Marathon winner Sifan Hassan reacts to Sabastian Sawe's record-breaking victory in this year's London Marathon, as the Kenyan finished with a sub-two-hour time of one hour 59 minutes and 30 seconds.",https://www.bbc.com/sport/athletics/videos/cj0v0qgm9reo?at_medium=RSS&at_campaign=rss,https://ichef.bbci.co.uk/ace/standard/240/cpsprodpb/0436/live/94eec500-416e-11f1-b55d-0f258dce1735.jpg,Sport,Athletics,"[""athletics"", ""sport"", ""running"", ""olympics""]",2026-05-06T19:11:08,5,False,584
ab2ea460-edaa-4d5b-b850-efbe6646f1b0,Test Match Special Podcast,England's Mark Wood joins Faraaz Noor and Amber Sandhu to discuss the biggest IPL stories,https://www.bbc.co.uk/sounds/play/p0nhzrnb?at_medium=RSS&at_campaign=rss,https://ichef.bbci.co.uk/images/ic/240x135/p0nhzrnz.jpg,Sport,Cricket,"[""cricket"", ""sport"", ""ashes"", ""test match""]",2026-05-06T20:05:42,4,False,538
c6a3cdca-f777-4e0e-8ef8-8b8c802f032c,Tech Now,Alasdair Keane visits the underground insect farm turning food waste into animal feed.,https://www.bbc.co.uk/iplayer/episode/m002t71c?at_medium=RSS&at_campaign=rss,https://ichef.bbci.co.uk/images/ic/240x135/p0n7t7h2.jpg,Technology,Tech & AI,"[""technology"", ""AI"", ""internet"", ""innovation"", ""data""]",2026-05-06T20:14:34,5,False,747
38155920-0357-4825-b90c-56d5d33c76f0,Why Spotify has no button to filter out AI music,"Music streamer Deezer allows users to filter out AI music, so why does Spotify not offer the same?",https://www.bbc.com/news/articles/cd7jpg4w181o?at_medium=RSS&at_campaign=rss,https://ichef.bbci.co.uk/ace/standard/240/cpsprodpb/bbbc/live/df090600-42f4-11f1-ac78-2112837ce2aa.png,Business,Economy,"[""business"", ""economy"", ""finance"", ""markets"", ""companies""]",2026-05-06T20:28:33,6,False,574
ce094dad-c2a8-48b8-8e65-520538276591,"Hantavirus may have spread between passengers on cruise ship, WHO says","Two cases of the virus, which rarely spreads between humans, have been confirmed on the ship, and three people have died.",https://www.bbc.com/news/articles/cm2p186gyp2o?at_medium=RSS&at_campaign=rss,https://ichef.bbci.co.uk/ace/standard/240/cpsprodpb/6224/live/70793b40-489b-11f1-ac78-2112837ce2aa.jpg,News,Health,"[""health"", ""NHS"", ""medicine"", ""wellbeing""]",2026-05-06T20:44:19,7,False,413
a746fd5c-5325-4d08-a095-bcbd4745ffc9,Rollout of Covid vaccines extraordinary feat - inquiry report,"Covid vaccines saved hundreds of thousands of lives, but a small minority harmed need better support, says report.",https://www.bbc.com/news/articles/cp8dpjx1yvmo?at_medium=RSS&at_campaign=rss,https://ichef.bbci.co.uk/ace/standard/240/cpsprodpb/e6af/live/0b7ceb50-39a1-11f1-818c-6f173b5082f5.jpg,News,Health,"[""health"", ""NHS"", ""medicine"", ""wellbeing""]",2026-05-06T20:56:44,4,False,750
63f8c578-caae-4640-8901-74ed28154ea7,Return of Palestine Marathon attracts thousands of runners,Thousands of people have taken part in the Palestine Marathon and Half Marathon which returned to the West Bank city of Bethlehem after a two-year pause because of restrictions over the Gaza War.,https://www.bbc.com/news/videos/cm2p4n000pko?at_medium=RSS&at_campaign=rss,https://ichef.bbci.co.uk/ace/standard/240/cpsprodpb/df3a/live/27ff0570-4ad5-11f1-ac78-2112837ce2aa.jpg,News,World,"[""world"", ""international"", ""global""]",2026-05-06T21:18:02,7,False,719
9d9869fa-336c-4937-961f-6fca8ea86da0,Morrisons supermarket in Wales fined £750k for dirty bakery,A judge said the case was not about a few rogue employees but showed serious and systemic failure.,https://www.bbc.com/news/articles/ckgpz878kp9o?at_medium=RSS&at_campaign=rss,https://ichef.bbci.co.uk/ace/standard/240/cpsprodpb/12cf/live/63f9e3e0-4aa0-11f1-ad34-01f832f4c917.jpg,Business,Economy,"[""business"", ""economy"", ""finance"", ""markets"", ""companies""]",2026-05-06T21:29:48,6,False,1120
bce7debd-05a7-4b58-bcc4-27b637be906b,World Athletics rejects IOC proposal to lift Belarus ban,World Athletics rejects a recommendation by the International Olympic Committee that a ban on Belarusian athletes and teams competing under the flag of their nation should be lifted.,https://www.bbc.com/sport/olympics/articles/cy82720dnydo?at_medium=RSS&at_campaign=rss,https://ichef.bbci.co.uk/ace/standard/240/cpsprodpb/5543/live/a8614840-4a21-11f1-bfb3-af42b3144659.jpg,Sport,Athletics,"[""athletics"", ""sport"", ""running"", ""olympics""]",2026-05-06T22:13:24,6,False,694
fc0386e7-e121-4130-ac32-72ad07c624d9,'We were strangers until we helped bring a paedophile to justice',"Having waived their right to anonymity, Nicola Bannon and Lynne Darcy are encouraging other victims of sexual abuse to come forward to the police.",https://www.bbc.com/news/articles/czj2e18z2vjo?at_medium=RSS&at_campaign=rss,https://ichef.bbci.co.uk/ace/standard/240/cpsprodpb/2d4c/live/d268f6b0-4a1c-11f1-a7ce-b934bcb15ff4.jpg,News,UK Politics,"[""politics"", ""UK"", ""government"", ""policy""]",2026-05-06T22:22:27,2,False,1194
19c7d6d2-c3df-418d-95cc-e740dfd020ea,Mental stress led to anti-doping charge - Vondrousova,"Former Wimbledon champion Marketa Vondrousova is charged with refusing a doping test by the ITIA in an incident the Czech player said happened as she had ""reached a breaking point after months of physical and mental stress"".",https://www.bbc.com/sport/tennis/articles/c0q9ydk2wg9o?at_medium=RSS&at_campaign=rss,https://ichef.bbci.co.uk/ace/standard/240/cpsprodpb/2eaf/live/a44577f0-3a8a-11f1-b7a0-978d05a9e26f.jpg,Sport,Tennis,"[""tennis"", ""sport"", ""wimbledon"", ""grand slam""]",2026-05-06T22:38:27,5,False,885
4a0b4bb0-26ca-4f70-a271-09599c9cf404,How climate change threatens the economic backbone of the Pacific,Tuna populations around the Pacific Islands could move away as ocean temperatures increase.,https://www.bbc.com/news/articles/cq57vxjvdy4o?at_medium=RSS&at_campaign=rss,https://ichef.bbci.co.uk/ace/standard/240/cpsprodpb/8987/live/c8459010-22f5-11f1-8620-17795c093e86.jpg,Business,Economy,"[""business"", ""economy"", ""finance"", ""markets"", ""companies""]",2026-05-06T22:39:10,5,False,877
5eff5385-1705-41a2-9fb2-a08997c040d0,The Global Story,"When conversation drifted into fantasy, one man grabbed a hammer and prepared for war.",https://www.bbc.co.uk/sounds/play/w3ct8m8p?at_medium=RSS&at_campaign=rss,https://ichef.bbci.co.uk/images/ic/240x135/p0nk4bzh.jpg,News,Health,"[""health"", ""NHS"", ""medicine"", ""wellbeing""]",2026-05-06T22:47:56,4,False,790
9599f638-3716-42f3-9ee5-0dadeb18bd6f,Mums' choir leader 'baffled' by park fee structure,A postnatal choir leader says professional dog walkers pay less to use the city's parks.,https://www.bbc.com/news/articles/cdrpykmm0x5o?at_medium=RSS&at_campaign=rss,https://ichef.bbci.co.uk/ace/standard/240/cpsprodpb/a1d6/live/5c17cf60-4894-11f1-891e-47c72be732a7.jpg,News,Health,"[""health"", ""NHS"", ""medicine"", ""wellbeing""]",2026-05-06T22:52:00,7,False,769
